Time (Pacific),Edyn no nutrients (conductivity),EC-5 no nutrients (%VWC),GS-3 no nutrients (%VWC),GS-3 no nutrients (conductivity), Edyn nutrients (conductivity),EC-5 nutrients (%VWC),GS-3 nutrients (%VWC),GS-3 nutrients (conductivity)
12/16/2014 18:59:00,0.0669141,-1.7,3.5,0,0.0069751,-2.6,4.7,0
12/16/2014 19:00:00,0.0648684,-1.7,3.5,0,0.00837012,-2.6,4.8,0
12/16/2014 19:01:00,0.0648684,-1.7,3.6,0,0.00837012,-2.6,4.8,0
12/16/2014 19:02:00,0.064126,-1.7,3.5,0,0.0069751,-2.6,4.7,0
12/16/2014 19:03:00,0.0662866,-1.8,3.6,0,0.00627319,-2.6,4.8,0
12/16/2014 19:04:00,0.062688,-1.8,3.5,0,0.0069751,-2.6,4.8,0
12/16/2014 19:05:00,0.0627759,-1.8,3.6,0,0.00558008,-2.6,4.7,2
12/16/2014 19:06:00,0.0620784,-1.8,3.6,0,0.00627759,-2.6,4.7,0
12/16/2014 19:07:00,0.0627979,-1.8,3.6,0,0.00558008,-2.6,4a.7,0
12/16/2014 19:08:00,0.0621436,-1.8,3.6,0,0.00558203,-2.6,4.7,0
12/16/2014 19:09:00,0.0606834,-1.8,3.5,0,0.00627759,-2.6,4.7,0
12/16/2014 19:10:00,0.37465,26.3,3.5,0,0.00418652,-2.6,19.6,825
12/16/2014 19:11:00,0.405482,27.6,45,20,0.287913,15.9,33.3,790
12/16/2014 19:12:00,0.414553,28.1,45,22,0.384415,36,34.5,765
12/16/2014 19:13:00,0.419291,28.3,44.9,22,0.601384,36.1,34.5,749
12/16/2014 19:14:00,0.421383,28.7,44.9,21,0.646025,36.3,34.5,741
12/16/2014 19:15:00,0.422778,28.7,44.9,22,0.619519,36.3,34.6,725
12/16/2014 19:16:00,0.424322,28.8,44.9,23,0.626016,36.3,34.6,717
12/16/2014 19:17:00,0.425717,29,44.9,22,0.591619,36.3,34.7,710
12/16/2014 19:18:00,0.426963,29,44.9,23,0.604174,36.3,34.7,702
12/16/2014 19:19:00,0.429206,29,44.9,22,0.608359,36.3,34.7,695
12/16/2014 19:20:00,0.428358,29.2,44.9,23,0.576274,36.3,34.8,680
12/16/2014 19:21:00,0.429056,29.2,44.9,22,0.562324,36.3,* * *,* * *
12/16/2014 19:22:00,0.428508,29.2,44.9,22,0.53159,36.3,34.7,673
12/16/2014 19:23:00,0.429056,29.2,44.9,24,0.551163,36.3,34.9,666
12/16/2014 19:24:00,0.429904,29.2,44.9,23,0.551163,36.3,34.9,659
12/16/2014 19:25:00,0.429206,29.2,44.9,24,0.541716,36.3,34.9,652
12/16/2014 19:26:00,0.428358,29.3,44.9,23,0.479276,36.3,34.8,652
12/16/2014 19:27:00,0.429056,29.3,44.9,23,0.466885,36.3,34.9,652
12/16/2014 19:28:00,0.427661,29.3,44.9,24,0.460605,36.3,34.8,645
12/16/2014 19:29:00,0.427661,29.3,44.9,23,0.461839,36.3,34.9,645
12/16/2014 19:30:00,0.426963,29.3,44.9,23,0.462698,36.3,34.9,645
12/16/2014 19:31:00,0.426664,29.3,44.9,23,0.461303,36.3,34.8,638
12/16/2014 19:32:00,0.426266,29.3,44.9,23,0.469676,36.3,34.8,638
12/16/2014 19:33:00,0.426963,29.3,44.9,22,0.475091,36.3,34.8,631
12/16/2014 19:34:00,0.426963,29.2,44.9,24,0.478049,36.3,34.9,631
12/16/2014 19:35:00,0.426664,29.3,44.8,22,0.482764,36.3,34.9,624
12/16/2014 19:36:00,0.426266,29.2,44.9,24,0.482235,36.3,* * *,* * *
12/16/2014 19:37:00,0.425967,29.2,44.9,23,0.488344,36.3,34.9,624
12/16/2014 19:38:00,0.425019,29.2,44.9,22,0.489213,36.3,34.8,618
12/16/2014 19:39:00,0.424173,29.2,44.9,23,0.490608,36.3,34.8,611
12/16/2014 19:40:00,0.424871,29.2,44.9,22,0.484159,36.1,35,611
12/16/2014 19:41:00,0.423624,29.2,44.9,23,0.486949,36.2,34.9,611
12/16/2014 19:42:00,0.423476,29.2,44.9,21,0.485724,36.1,34.9,611
12/16/2014 19:43:00,0.424173,29.2,44.9,23,0.485724,36.1,34.9,611
12/16/2014 19:44:00,0.423624,29.2,44.9,23,0.482235,36.1,34.9,611
12/16/2014 19:45:00,0.422778,29.1,44.8,24,0.480142,36.2,34.9,604
12/16/2014 19:46:00,0.423476,29,44.9,24,0.476987,36.1,34.9,598
12/16/2014 19:47:00,0.422778,29,44.9,22,0.474394,36.1,* * *,* * *
12/16/2014 19:48:00,0.422482,29,44.9,22,0.47456,36.2,34.9,598
12/16/2014 19:49:00,0.422482,29,44.9,22,0.468116,36.2,34.9,598
12/16/2014 19:50:00,0.421383,29,44.9,23,0.480142,36.1,34.9,598
12/16/2014 19:51:00,0.420833,29,44.9,23,0.48084,36.1,34.9,592
12/16/2014 19:52:00,0.419694,28.9,44.8,22,0.481537,36.1,34.9,592
12/16/2014 19:53:00,0.419291,28.9,44.9,21,0.484159,36.1,34.9,592
12/16/2014 19:54:00,0.419291,28.8,44.9,23,0.486949,36.1,34.9,592
12/16/2014 19:55:00,0.418997,28.8,44.9,23,0.486422,36.1,34.9,592
12/16/2014 19:56:00,0.417896,28.8,44.8,22,0.478746,36.1,34.8,585
12/16/2014 19:57:00,0.418593,28.8,44.9,23,0.476486,36.1,35,585
12/16/2014 19:58:00,0.417603,28.8,44.8,22,0.476486,36.1,34.8,585
12/16/2014 19:59:00,0.417603,28.7,44.9,22,0.47456,36.1,34.9,579
12/16/2014 20:00:00,0.415221,28.7,44.8,22,0.479444,36.1,34.9,585
12/16/2014 20:01:00,0.415512,28.7,44.8,21,0.481369,36.1,34.9,579
12/16/2014 20:02:00,0.413855,28.7,44.9,22,0.482066,36.1,34.9,579
12/16/2014 20:03:00,0.414408,28.7,44.9,22,0.484159,36.1,34.9,579
12/16/2014 20:04:00,0.41229,28.7,44.8,23,0.482426,36.1,* * *,* * *
12/16/2014 20:05:00,0.412724,28.7,44.8,22,0.484856,36.1,34.9,573
12/16/2014 20:06:00,0.41133,28.7,44.8,22,0.484874,36.1,34.9,573
12/16/2014 20:07:00,0.413013,28.6,44.9,23,0.499679,36.1,34.9,573
12/16/2014 20:08:00,0.413711,28.6,44.8,22,0.501075,36.1,34.9,573
12/16/2014 20:09:00,0.411738,28.5,44.8,22,0.498807,36.1,34.9,573
12/16/2014 20:10:00,0.413013,28.5,44.8,22,0.498981,36.1,34.9,567
12/16/2014 20:11:00,0.412315,28.5,44.8,22,0.504387,36.1,34.9,567
12/16/2014 20:12:00,0.411618,28.5,44.8,23,0.520429,36.1,34.9,567
12/16/2014 20:13:00,0.410223,28.5,44.8,21,0.517974,36.1,34.9,573
12/16/2014 20:14:00,0.409525,28.5,44.8,22,0.520612,36.1,34.9,561
12/16/2014 20:15:00,0.408828,28.4,44.8,22,0.504387,36.1,34.9,561
12/16/2014 20:16:00,0.407845,28.3,44.8,21,0.527405,36.1,34.8,561
12/16/2014 20:17:00,0.407433,28.3,44.8,21,0.507354,36.1,34.9,561
12/16/2014 20:18:00,0.407433,28.3,44.8,22,0.49776,36.1,34.8,555
12/16/2014 20:19:00,0.409525,28.3,44.8,21,0.493399,36.1,34.9,555
12/16/2014 20:20:00,0.405057,28.3,44.8,22,0.490924,36.1,34.9,555
12/16/2014 20:21:00,0.406038,28.2,44.8,23,0.487817,36.1,34.9,555
12/16/2014 20:22:00,0.406038,28.2,44.8,21,0.484856,36.1,34.9,549
12/16/2014 20:23:00,0.406735,28.1,44.8,22,0.486422,36.1,34.8,549
12/16/2014 20:24:00,0.406038,28.1,44.7,21,0.483123,36.1,34.9,543
12/16/2014 20:25:00,0.404785,28.1,44.8,21,0.486422,36.1,34.8,549
12/16/2014 20:26:00,0.408828,28.1,44.7,21,0.48084,36.1,34.8,543
12/16/2014 20:27:00,0.407433,28.1,44.8,22,0.489042,36.1,* * *,* * *
12/16/2014 20:28:00,0.407148,28.1,44.7,22,0.491282,36.1,34.8,543
12/16/2014 20:29:00,0.406038,28.1,44.8,22,0.490093,36,34.9,543
12/16/2014 20:30:00,0.401993,28,44.8,23,0.490608,36.1,34.9,537
12/16/2014 20:31:00,0.405057,28,44.7,22,0.490608,36,34.8,537
12/16/2014 20:32:00,0.404785,28,44.8,21,0.496714,36.1,34.8,537
12/16/2014 20:33:00,0.404643,28,44.7,22,0.494097,36,34.8,537
12/16/2014 20:34:00,0.404087,28,44.7,22,0.493924,36,34.8,543
12/16/2014 20:35:00,0.403945,28,44.7,21,0.492529,36.1,34.8,537
12/16/2014 20:36:00,0.402691,28,44.7,22,0.496888,36,* * *,* * *
12/16/2014 20:37:00,0.402691,27.9,44.7,21,0.491134,36.1,34.8,537
12/16/2014 20:38:00,0.403389,27.9,44.7,21,0.491134,36,34.8,532
12/16/2014 20:39:00,0.401572,27.9,44.7,21,0.49165,36,34.8,537
12/16/2014 20:40:00,0.401853,27.8,44.7,21,0.491134,36,34.8,532
12/16/2014 20:41:00,0.40255,27.8,44.7,21,0.482933,36,34.9,532
12/16/2014 20:42:00,0.402691,27.8,44.7,21,0.485554,36,34.8,532
12/16/2014 20:43:00,0.400874,27.8,44.7,19,0.494795,36,* * *,* * *
12/16/2014 20:44:00,0.400458,27.8,44.7,20,0.496366,36,34.9,526
12/16/2014 20:45:00,0.400874,27.7,44.7,21,0.498109,36,34.8,526
12/16/2014 20:46:00,0.400458,27.6,44.7,21,0.501075,36,34.8,526
12/16/2014 20:47:00,0.400874,27.6,44.6,21,0.502294,36,* * *,* * *
12/16/2014 20:48:00,0.39976,27.6,44.7,21,0.508572,36,* * *,* * *
12/16/2014 20:49:00,0.39976,27.6,44.7,20,0.506479,36,34.9,520
12/16/2014 20:50:00,0.398784,27.6,44.6,20,0.509253,36,* * *,* * *
12/16/2014 20:51:00,0.398504,27.6,44.6,21,0.514849,36,34.9,520
12/16/2014 20:52:00,0.398783,27.6,44.6,22,0.518518,36,34.8,520
12/16/2014 20:53:00,0.401993,27.5,44.6,20,0.532473,36,* * *,* * *
12/16/2014 20:54:00,0.39948,27.5,44.6,21,0.537158,36,* * *,* * *
12/16/2014 20:55:00,0.39976,27.5,44.6,22,0.529682,36,34.9,520
12/16/2014 20:56:00,0.398783,27.5,44.6,21,0.527589,36,* * *,* * *
12/16/2014 20:57:00,0.398086,27.5,44.6,20,0.530053,36,34.8,515
12/16/2014 20:58:00,0.398505,27.5,44.6,21,0.525312,36,34.8,515
12/16/2014 20:59:00,0.399897,27.5,44.6,21,0.52322,36,34.9,515
12/16/2014 21:00:00,0.398085,27.5,44.6,21,0.522522,36,34.8,515
12/16/2014 21:01:00,0.39697,27.5,44.6,20,0.516088,36,34.8,515
12/16/2014 21:02:00,0.397807,27.5,44.6,21,0.512239,36,34.8,515
12/16/2014 21:03:00,0.396273,27.5,44.6,20,0.517123,36,34.8,509
12/16/2014 21:04:00,0.396273,27.3,44.5,21,0.515186,36,34.8,509
12/16/2014 21:05:00,0.396273,27.3,44.6,20,0.515547,36,34.8,509
12/16/2014 21:06:00,0.395714,27.3,44.5,20,0.510664,36,34.9,504
12/16/2014 21:07:00,0.395575,27.3,44.5,21,0.52322,36,34.8,509
12/16/2014 21:08:00,0.39418,27.3,44.5,20,0.518518,36,34.8,504
12/16/2014 21:09:00,0.394594,27.3,44.5,19,0.516244,36,34.8,499
12/16/2014 21:10:00,0.394878,27.3,44.5,21,0.514332,36,34.8,499
12/16/2014 21:11:00,0.39418,27.3,44.4,21,0.517821,36,34.9,499
12/16/2014 21:12:00,0.39362,27.3,44.4,21,0.511541,36,34.9,499
12/16/2014 21:13:00,0.39251,27.3,44.4,21,0.521127,36,34.8,504
12/16/2014 21:14:00,0.392225,27.3,44.5,21,0.593712,36,34.8,504
12/16/2014 21:15:00,0.392225,27.3,44.5,21,0.604174,36,34.8,499
12/16/2014 21:16:00,0.392225,27.2,44.5,20,0.610452,36,34.8,499
12/16/2014 21:17:00,0.392225,27.2,44.4,20,0.62183,36,34.8,499
12/16/2014 21:18:00,0.392088,27.2,44.4,21,0.618341,36,34.8,499
12/16/2014 21:19:00,0.39139,27.2,44.4,21,0.597408,36,34.8,499
12/16/2014 21:20:00,0.391527,27.1,44.4,19,0.588829,36,34.8,493
12/16/2014 21:21:00,0.390829,27.1,44.5,21,0.544886,36,* * *,* * *
12/16/2014 21:22:00,0.390829,27.1,44.4,20,0.527589,36,34.8,499
12/16/2014 21:23:00,0.390419,27.1,44.4,21,0.522522,36,34.9,493
12/16/2014 21:24:00,0.389995,27.1,44.4,20,0.517611,36,34.8,493
12/16/2014 21:25:00,0.389298,27.1,44.4,20,0.518337,36,34.8,493
12/16/2014 21:26:00,0.390693,27.1,44.4,21,0.519732,35.9,34.7,499
12/16/2014 21:27:00,0.390419,27.1,44.3,22,0.524615,35.9,34.7,499
12/16/2014 21:28:00,0.390419,27.1,44.4,21,0.527035,36,34.8,488
12/16/2014 21:29:00,0.390693,27,44.3,20,0.531776,36,34.8,488
12/16/2014 21:30:00,0.391527,27,44.4,20,0.538797,36,34.8,493
12/16/2014 21:31:00,0.389298,27,44.3,20,0.538099,36,34.8,493
12/16/2014 21:32:00,0.3886,27,44.3,20,0.535818,36,34.8,488
12/16/2014 21:33:00,0.389298,27,44.3,21,0.534567,35.9,34.8,488
12/16/2014 21:34:00,0.387903,27,44.3,20,0.531776,35.9,34.8,488
12/16/2014 21:35:00,0.388056,27,44.3,20,0.53438,35.9,34.8,488
12/16/2014 21:36:00,0.387205,27,44.3,21,0.535818,36,34.7,488
12/16/2014 21:37:00,0.386934,27,44.3,19,0.539495,35.9,34.8,493
12/16/2014 21:38:00,0.387205,27,44.3,21,0.537213,35.8,34.7,488
12/16/2014 21:39:00,0.38581,27,44.2,20,0.537213,35.8,34.8,488
12/16/2014 21:40:00,0.386934,27,44.2,19,0.533682,35.8,34.8,488
12/16/2014 21:41:00,0.385945,27,44.2,20,0.537911,35.9,34.8,488
12/16/2014 21:42:00,0.386934,27,44.2,21,0.536704,35.8,34.8,483
12/16/2014 21:43:00,0.38527,27,44.3,19,0.536006,35.8,34.8,478
12/16/2014 21:44:00,0.38581,27,44.3,19,0.53438,35.8,34.8,483
12/16/2014 21:45:00,0.38581,27,44.1,19,0.533869,35.8,34.7,478
12/16/2014 21:46:00,0.385113,26.9,44.2,19,0.532985,35.8,34.7,483
12/16/2014 21:47:00,0.384843,26.9,44.2,20,0.533171,35.8,34.8,478
12/16/2014 21:48:00,0.386508,26.9,44.2,20,0.529497,35.8,34.7,483
12/16/2014 21:49:00,0.385088,26.9,44.2,19,0.536516,35.8,34.8,478
12/16/2014 21:50:00,0.38581,26.8,44.2,19,0.517639,35.8,34.7,478
12/16/2014 21:51:00,0.38581,26.8,44.2,21,0.519034,35.8,34.7,478
12/16/2014 21:52:00,0.385113,26.8,44.2,21,0.519216,35.8,34.7,478
12/16/2014 21:53:00,0.384843,26.8,44.1,21,0.518337,35.8,34.7,478
12/16/2014 21:54:00,0.385247,26.8,44.1,20,0.507874,35.8,34.7,478
12/16/2014 21:55:00,0.384843,26.8,44.2,20,0.511541,35.8,34.7,478
12/16/2014 21:56:00,0.384415,26.8,44.2,20,0.512059,35.8,34.7,478
12/16/2014 21:57:00,0.38318,26.8,44.1,20,0.512059,35.8,34.7,478
12/16/2014 21:58:00,0.38455,26.8,44.1,19,0.508052,35.8,34.8,478
12/16/2014 21:59:00,0.38302,26.8,44.1,19,0.510843,35.8,34.7,473
12/16/2014 22:00:00,0.383154,26.8,44.1,18,0.512059,35.8,34.7,473
12/16/2014 22:01:00,0.383718,26.8,44.1,20,0.513454,35.8,34.7,467
12/16/2014 22:02:00,0.384146,26.8,44.1,19,0.511362,35.8,34.7,473
12/16/2014 22:03:00,0.382323,26.8,44.1,19,0.514692,35.8,34.8,473
12/16/2014 22:04:00,0.38302,26.7,44.1,20,0.512059,35.8,34.7,473
12/16/2014 22:05:00,0.383852,26.7,44,21,0.511004,35.8,34.7,473
12/16/2014 22:06:00,0.38302,26.7,44,20,0.512398,35.8,34.7,473
12/16/2014 22:07:00,0.382323,26.7,44,20,0.515883,35.8,34.8,473
12/16/2014 22:08:00,0.382752,26.6,44.1,20,0.512398,35.8,34.7,473
12/16/2014 22:09:00,0.382724,26.6,44,20,0.512936,35.8,34.7,473
12/16/2014 22:10:00,0.382055,26.6,44,21,0.500899,35.8,34.8,467
12/16/2014 22:11:00,0.382323,26.6,44,21,0.505084,35.8,34.7,467
12/16/2014 22:12:00,0.382055,26.6,44,19,0.562627,35.8,34.8,473
12/16/2014 22:13:00,0.382323,26.6,44,20,0.551163,35.8,* * *,* * *
12/16/2014 22:14:00,0.38302,26.6,44,21,0.547293,35.8,34.7,467
12/16/2014 22:15:00,0.38302,26.6,44,21,0.542793,35.8,34.7,463
12/16/2014 22:16:00,0.382456,26.6,44,20,0.543681,35.8,34.7,467
12/16/2014 22:17:00,0.381625,26.6,44,20,0.544886,35.8,34.7,458
12/16/2014 22:18:00,0.381625,26.6,44,19,0.546281,35.8,34.6,463
12/16/2014 22:19:00,0.38023,26.6,43.9,19,0.545774,35.8,34.8,467
12/16/2014 22:20:00,0.380928,26.6,44,19,0.544379,35.8,34.7,458
12/16/2014 22:21:00,0.380363,26.6,43.9,18,0.541398,35.8,34.7,458
12/16/2014 22:22:00,0.381358,26.6,43.9,20,0.542983,35.8,34.7,458
12/16/2014 22:23:00,0.380661,26.6,43.9,20,0.540701,35.8,34.8,458
12/16/2014 22:24:00,0.379267,26.6,43.9,18,0.54057,35.8,34.7,463
12/16/2014 22:25:00,0.379665,26.6,43.9,19,0.544188,35.8,34.7,463
12/16/2014 22:26:00,0.38023,26.6,43.9,20,0.543491,35.8,34.7,458
12/16/2014 22:27:00,0.378137,26.6,43.9,19,0.549769,35.8,34.7,458
12/16/2014 22:28:00,0.379665,26.6,43.9,20,0.546978,35.8,34.7,453
12/16/2014 22:29:00,0.378137,26.6,43.9,20,0.545774,35.8,34.8,458
12/16/2014 22:30:00,0.378137,26.6,43.9,18,0.542793,35.8,34.7,458
12/16/2014 22:31:00,0.378835,26.6,43.9,21,0.538608,35.8,34.7,458
12/16/2014 22:32:00,0.379533,26.6,43.9,21,0.552054,35.8,34.8,458
12/16/2014 22:33:00,0.379665,26.6,43.9,18,0.548687,35.8,34.7,458
12/16/2014 22:34:00,0.381625,26.6,43.8,20,0.542096,35.8,34.7,458
12/16/2014 22:35:00,0.379533,26.6,43.8,20,0.532985,35.8,34.7,453
12/16/2014 22:36:00,0.378137,26.6,43.9,18,0.528102,35.8,34.7,453
12/16/2014 22:37:00,0.378137,26.6,43.8,20,0.527589,35.8,34.7,453
12/16/2014 22:38:00,0.379533,26.6,43.9,20,0.527035,35.8,34.7,458
12/16/2014 22:39:00,0.37827,26.6,43.8,19,0.527405,35.8,34.7,453
12/16/2014 22:40:00,0.378968,26.6,43.8,19,0.526891,35.8,34.7,453
12/16/2014 22:41:00,0.377873,26.6,43.8,18,0.535077,35.8,34.7,448
12/16/2014 22:42:00,0.37827,26.6,43.8,19,0.535818,35.8,34.7,448
12/16/2014 22:43:00,0.378835,26.6,43.8,20,0.538099,35.8,34.7,453
12/16/2014 22:44:00,0.376912,26.6,43.8,19,0.532287,35.8,34.7,458
12/16/2014 22:45:00,0.378137,26.5,43.8,19,0.534941,35.8,34.7,453
12/16/2014 22:46:00,0.37744,26.5,43.8,19,0.53038,35.8,34.7,458
12/16/2014 22:47:00,0.375782,26.5,43.8,19,0.592524,35.8,34.7,448
12/16/2014 22:48:00,0.376742,26.5,43.8,19,0.586737,35.8,34.8,448
12/16/2014 22:49:00,0.376874,26.5,43.8,19,0.572089,35.8,34.7,448
12/16/2014 22:50:00,0.378137,26.5,43.8,18,0.563719,35.8,34.8,448
12/16/2014 22:51:00,0.37744,26.5,43.8,20,0.552559,35.8,34.7,453
12/16/2014 22:52:00,0.376742,26.5,43.8,19,0.555932,35.8,34.7,448
12/16/2014 22:53:00,0.376742,26.5,43.8,19,0.549769,35.8,34.8,448
12/16/2014 22:54:00,0.375782,26.5,43.8,19,0.544886,35.8,34.7,448
12/16/2014 22:55:00,0.376045,26.4,43.8,18,0.544123,35.8,34.8,448
12/16/2014 22:56:00,0.375347,26.4,43.7,21,0.546855,35.8,34.7,448
12/16/2014 22:57:00,0.375347,26.4,43.8,19,0.545774,35.8,34.7,448
12/16/2014 22:58:00,0.373691,26.4,43.7,20,0.539495,35.8,34.8,453
12/16/2014 22:59:00,0.374388,26.4,43.8,18,0.536516,35.8,34.6,448
12/16/2014 23:00:00,0.37465,26.4,43.7,20,0.536704,35.8,34.7,448
12/16/2014 23:01:00,0.37465,26.4,43.8,19,0.54089,35.8,34.6,443
12/16/2014 23:02:00,0.375347,26.4,43.7,19,0.541398,35.8,34.7,448
12/16/2014 23:03:00,0.374083,26.4,43.8,19,0.540192,35.8,34.7,448
12/16/2014 23:04:00,0.373691,26.4,43.8,20,0.542286,35.8,34.6,448
12/16/2014 23:05:00,0.373691,26.4,43.7,19,0.542096,35.8,34.7,443
12/16/2014 23:06:00,0.373952,26.4,43.8,19,0.539247,35.8,34.7,448
12/16/2014 23:07:00,0.37465,26.4,43.7,19,0.535077,35.8,34.7,448
12/16/2014 23:08:00,0.372688,26.4,43.7,19,0.538608,35.8,34.7,448
12/16/2014 23:09:00,0.37186,26.4,43.7,19,0.529682,35.8,* * *,* * *
12/16/2014 23:10:00,0.373691,26.4,43.7,20,0.524798,35.8,34.7,443
12/16/2014 23:11:00,0.374781,26.4,43.7,20,0.528287,35.8,34.7,443
12/16/2014 23:12:00,0.37186,26.4,43.7,20,0.528102,35.8,34.6,443
12/16/2014 23:13:00,0.376177,26.4,43.7,19,0.526194,35.8,34.7,443
12/16/2014 23:14:00,0.375347,26.4,43.6,19,0.52601,35.8,34.7,443
12/16/2014 23:15:00,0.376874,26.4,43.7,20,0.530892,35.8,* * *,* * *
12/16/2014 23:16:00,0.374083,26.4,43.7,19,0.53159,35.8,34.7,438
12/16/2014 23:17:00,0.373255,26.4,43.6,20,0.538099,35.8,34.7,438
12/16/2014 23:18:00,0.372557,26.4,43.7,19,0.538797,35.8,34.7,438
12/16/2014 23:19:00,0.373255,26.4,43.7,18,0.538797,35.8,34.8,443
12/16/2014 23:20:00,0.374083,26.4,43.7,20,0.537213,35.8,34.6,438
12/16/2014 23:21:00,0.372688,26.4,43.6,20,0.534006,35.8,34.6,443
12/16/2014 23:22:00,0.3716,26.4,43.7,18,0.538928,35.8,34.7,443
12/16/2014 23:23:00,0.3716,26.4,43.7,19,0.538928,35.8,34.6,438
12/16/2014 23:24:00,0.371162,26.4,43.6,19,0.538608,35.8,34.7,438
12/16/2014 23:25:00,0.372332,26.4,43.7,19,0.539495,35.8,34.6,443
12/16/2014 23:26:00,0.371162,26.4,43.6,19,0.538608,35.8,34.6,438
12/16/2014 23:27:00,0.369509,26.4,43.6,19,0.537401,35.8,34.7,438
12/16/2014 23:28:00,0.369897,26.4,43.6,19,0.536704,35.8,34.7,438
12/16/2014 23:29:00,0.369509,26.4,43.7,19,0.534703,35.8,34.7,438
12/16/2014 23:30:00,0.369199,26.4,43.7,19,0.532985,35.8,34.6,434
12/16/2014 23:31:00,0.369457,26.4,43.6,18,0.532612,35.8,34.7,438
12/16/2014 23:32:00,0.367675,26.4,43.6,19,0.533682,35.8,34.6,438
12/16/2014 23:33:00,0.369199,26.4,43.6,19,0.534006,35.8,34.7,438
12/16/2014 23:34:00,0.368372,26.4,43.6,19,0.53438,35.8,* * *,* * *
12/16/2014 23:35:00,0.367804,26.4,43.6,19,0.533309,35.8,34.7,438
12/16/2014 23:36:00,0.366977,26.4,43.6,19,0.532287,35.8,34.6,438
12/16/2014 23:37:00,0.366977,26.4,43.6,18,0.53159,35.8,34.7,438
12/16/2014 23:38:00,0.36672,26.4,43.6,19,0.532287,35.8,34.6,434
12/16/2014 23:39:00,0.366408,26.4,43.7,19,0.530195,35.8,34.7,438
12/16/2014 23:40:00,0.365013,26.4,43.6,20,0.53038,35.8,34.7,438
12/16/2014 23:41:00,0.365582,26.4,43.7,20,0.53038,35.8,34.7,429
12/16/2014 23:42:00,0.364885,26.4,43.6,19,0.532985,35.8,34.7,429
12/16/2014 23:43:00,0.36571,26.4,43.6,19,0.536006,35.8,34.7,429
12/16/2014 23:44:00,0.36628,26.4,43.6,20,0.537911,35.8,34.7,434
12/16/2014 23:45:00,0.36571,26.4,43.6,20,0.537401,35.8,34.7,429
12/16/2014 23:46:00,0.36628,26.4,43.6,19,0.538608,35.8,34.6,434
12/16/2014 23:47:00,0.36571,26.4,43.6,19,0.539495,35.8,34.6,434
12/16/2014 23:48:00,0.36571,26.4,43.6,19,0.538099,35.8,34.7,434
12/16/2014 23:49:00,0.364885,26.4,43.6,18,0.536704,35.8,34.7,434
12/16/2014 23:50:00,0.365013,26.4,43.6,18,0.53438,35.8,34.7,434
12/16/2014 23:51:00,0.364187,26.4,43.6,20,0.533171,35.8,34.7,429
12/16/2014 23:52:00,0.364187,26.4,43.6,19,0.53159,35.8,34.6,434
12/16/2014 23:53:00,0.364315,26.4,43.6,18,0.53145,35.8,34.6,434
12/16/2014 23:55:00,0.366023,26.4,43.6,19,0.529497,35.8,34.7,429
12/16/2014 23:56:00,0.365013,26.4,43.6,17,0.528985,35.8,34.8,429
12/16/2014 23:57:00,0.364629,26.4,43.6,19,0.529126,35.8,34.6,434
12/16/2014 23:58:00,0.364187,26.4,43.6,18,0.525496,35.8,34.8,429
12/16/2014 23:59:00,0.364315,26.4,43.6,19,0.526707,35.8,34.6,429
12/17/2014 0:00:00,0.364187,26.4,43.6,20,0.528881,35.8,34.7,434
12/17/2014 0:01:00,0.364187,26.4,43.6,18,0.526194,35.8,34.7,434
12/17/2014 0:02:00,0.363932,26.4,43.6,19,0.524798,35.8,34.7,429
12/17/2014 0:03:00,0.362792,26.4,43.6,19,0.525312,35.8,34.7,434
12/17/2014 0:04:00,0.36349,26.4,43.6,18,0.523917,35.8,34.8,429
12/17/2014 0:05:00,0.36349,26.4,43.6,19,0.523917,35.8,34.7,429
12/17/2014 0:06:00,0.363173,26.4,43.6,20,0.524615,35.8,34.7,429
12/17/2014 0:07:00,0.362538,26.4,43.6,19,0.524798,35.8,* * *,* * *
12/17/2014 0:08:00,0.362919,26.4,43.5,19,0.524615,35.8,34.7,429
12/17/2014 0:09:00,0.362792,26.4,43.5,19,0.5241,35.8,34.7,429
12/17/2014 0:10:00,0.362538,26.4,43.6,18,0.522522,35.8,34.7,429
12/17/2014 0:11:00,0.365582,26.4,43.5,19,0.522853,35.8,34.7,429
12/17/2014 0:12:00,0.362919,26.4,43.6,19,0.521825,35.8,34.7,425
12/17/2014 0:13:00,0.361397,26.4,43.6,18,0.522522,35.8,34.7,425
12/17/2014 0:14:00,0.362475,26.4,43.6,19,0.521825,35.8,34.7,429
12/17/2014 0:15:00,0.362222,26.4,43.6,19,0.522007,35.8,34.6,434
12/17/2014 0:16:00,0.362095,26.4,43.6,18,0.522007,35.8,34.7,429
12/17/2014 0:17:00,0.360826,26.4,43.6,19,0.521127,35.8,34.7,425
12/17/2014 0:18:00,0.361397,26.4,43.5,19,0.522156,35.8,34.7,425
12/17/2014 0:19:00,0.3607,26.4,43.6,18,0.520429,35.8,34.7,425
12/17/2014 0:20:00,0.361524,26.4,43.5,19,0.520429,35.8,34.7,429
12/17/2014 0:21:00,0.360826,26.4,43.6,19,0.520762,35.8,34.7,429
12/17/2014 0:22:00,0.3607,26.4,43.5,19,0.519914,35.8,34.7,425
12/17/2014 0:23:00,0.361524,26.4,43.6,20,0.519914,35.8,34.7,425
12/17/2014 0:24:00,0.362919,26.4,43.5,17,0.520612,35.8,34.7,425
12/17/2014 0:25:00,0.3607,26.4,43.5,19,0.520612,35.8,34.8,425
12/17/2014 0:26:00,0.361397,26.4,43.5,17,0.519732,35.8,34.7,425
12/17/2014 0:27:00,0.361777,26.4,43.5,18,0.519034,35.8,34.7,429
12/17/2014 0:28:00,0.35975,26.4,43.5,19,0.519216,35.8,34.7,425
12/17/2014 0:29:00,0.361524,26.4,43.6,18,0.519034,35.8,34.7,425
12/17/2014 0:30:00,0.363617,26.4,43.5,19,0.516942,35.8,34.7,425
12/17/2014 0:31:00,0.3607,26.4,43.5,19,0.517639,35.8,34.7,425
12/17/2014 0:32:00,0.362919,26.4,43.5,18,0.516244,35.8,34.7,425
12/17/2014 0:33:00,0.360002,26.4,43.6,18,0.517639,35.8,34.7,420
12/17/2014 0:34:00,0.360195,26.4,43.5,20,0.519034,35.8,* * *,* * *
12/17/2014 0:35:00,0.360826,26.4,43.6,18,0.516425,35.8,* * *,* * *
12/17/2014 0:36:00,0.35943,26.4,43.5,19,0.518518,35.8,34.7,425
12/17/2014 0:37:00,0.360128,26.4,43.5,18,0.517974,35.8,34.7,425
12/17/2014 0:38:00,0.360128,26.4,43.5,19,0.519034,35.8,34.7,425
12/17/2014 0:39:00,0.360002,26.4,43.5,19,0.517821,35.8,34.8,420
12/17/2014 0:40:00,0.38023,26.4,43.5,19,0.516244,35.8,34.7,420
12/17/2014 0:41:00,0.3886,26.4,43.5,19,0.517123,35.8,34.7,425
12/17/2014 0:42:00,0.38581,26.4,43.5,19,0.514849,35.8,34.7,420
12/17/2014 0:43:00,0.381759,26.4,43.5,19,0.516244,35.8,34.8,420
12/17/2014 0:44:00,0.372557,26.4,43.4,18,0.515547,35.8,34.8,425
12/17/2014 0:45:00,0.368114,26.4,43.5,19,0.516942,35.8,34.7,425
12/17/2014 0:46:00,0.364885,26.4,43.4,19,0.515186,35.8,34.7,420
12/17/2014 0:47:00,0.363617,26.4,43.4,19,0.514129,35.8,34.8,420
12/17/2014 0:48:00,0.36349,26.4,43.5,18,0.513792,35.8,34.8,420
12/17/2014 0:49:00,0.362222,26.4,43.5,18,0.516942,35.8,34.7,420
12/17/2014 0:50:00,0.362095,26.4,43.4,18,0.516425,35.8,34.8,420
12/17/2014 0:51:00,0.361397,26.4,43.5,19,0.516244,35.8,34.7,420
12/17/2014 0:52:00,0.361397,26.4,43.5,19,0.514152,35.8,34.8,420
12/17/2014 0:53:00,0.360128,26.4,43.4,18,0.514489,35.8,34.8,420
12/17/2014 0:54:00,0.360826,26.4,43.5,18,0.514332,35.8,34.7,425
12/17/2014 0:55:00,0.360002,26.4,43.5,19,0.512757,35.8,34.7,416
12/17/2014 0:56:00,0.360128,26.4,43.4,19,0.513792,35.8,34.8,420
12/17/2014 0:57:00,0.358607,26.4,43.5,18,0.515186,35.8,34.7,416
12/17/2014 0:58:00,0.358733,26.4,43.4,19,0.51539,35.8,34.8,420
12/17/2014 0:59:00,0.358607,26.4,43.5,19,0.514152,35.8,34.7,420
12/17/2014 1:00:00,0.35791,26.4,43.5,18,0.514849,35.8,34.8,420
12/17/2014 1:01:00,0.358035,26.4,43.5,18,0.515727,35.8,34.7,420
12/17/2014 1:02:00,0.357212,26.4,43.4,19,0.51503,35.8,34.8,420
12/17/2014 1:03:00,0.357587,26.4,43.4,19,0.514152,35.8,34.8,420
12/17/2014 1:04:00,0.357337,26.4,43.4,19,0.51503,35.8,34.8,420
12/17/2014 1:05:00,0.356962,26.4,43.5,19,0.51503,35.8,34.8,416
12/17/2014 1:06:00,0.357212,26.4,43.4,17,0.513454,35.8,34.7,420
12/17/2014 1:07:00,0.357337,26.4,43.4,19,0.513634,35.8,34.8,420
12/17/2014 1:08:00,0.358607,26.4,43.4,19,0.512757,35.8,34.8,416
12/17/2014 1:09:00,0.357337,26.4,43.4,20,0.512757,35.8,34.8,420
12/17/2014 1:10:00,0.357337,26.4,43.4,18,0.512239,35.8,34.8,420
12/17/2014 1:11:00,0.356962,26.4,43.4,19,0.512936,35.8,34.7,420
12/17/2014 1:12:00,0.357212,26.4,43.4,20,0.512936,35.8,34.8,420
12/17/2014 1:13:00,0.355774,26.4,43.5,18,0.514152,35.8,34.8,416
12/17/2014 1:14:00,0.3552,26.4,43.4,18,0.510664,35.8,34.8,420
12/17/2014 1:15:00,0.357337,26.4,43.4,19,0.510145,35.8,34.8,420
12/17/2014 1:16:00,0.35413,26.4,43.4,19,0.512597,35.8,* * *,* * *
12/17/2014 1:17:00,0.354503,26.4,43.4,19,0.50961,35.8,34.8,411
12/17/2014 1:18:00,0.354503,26.4,43.4,19,0.510843,35.8,34.8,416
12/17/2014 1:19:00,0.354503,26.4,43.4,19,0.510145,35.8,34.8,416
12/17/2014 1:20:00,0.353805,26.4,43.4,20,0.511541,35.8,34.8,420
12/17/2014 1:21:00,0.354379,26.4,43.4,19,0.510307,35.8,34.8,411
12/17/2014 1:22:00,0.354503,26.4,43.4,19,0.509269,35.8,34.8,416
12/17/2014 1:23:00,0.353681,26.4,43.4,19,0.510664,35.8,34.8,416
12/17/2014 1:24:00,0.355076,26.4,43.4,19,0.510843,35.8,34.8,411
12/17/2014 1:25:00,0.353882,26.4,43.4,19,0.508572,35.8,34.8,416
12/17/2014 1:26:00,0.35413,26.4,43.3,20,0.509269,35.8,34.8,420
12/17/2014 1:27:00,0.353805,26.4,43.4,19,0.509448,35.8,34.8,411
12/17/2014 1:28:00,0.355076,26.4,43.3,19,0.509269,35.8,34.8,416
12/17/2014 1:29:00,0.353805,26.4,43.3,19,0.509269,35.8,34.9,416
12/17/2014 1:30:00,0.353107,26.4,43.4,19,0.509269,35.8,34.8,411
12/17/2014 1:31:00,0.353805,26.4,43.4,18,0.510145,35.8,34.8,416
12/17/2014 1:32:00,0.353805,26.4,43.4,20,0.508572,35.8,34.7,411
12/17/2014 1:33:00,0.352984,26.4,43.4,18,0.521309,35.8,34.8,411
12/17/2014 1:34:00,0.352984,26.4,43.3,18,0.520429,35.8,34.8,411
12/17/2014 1:35:00,0.353882,26.4,43.4,19,0.523985,35.8,34.8,416
12/17/2014 1:36:00,0.352984,26.4,43.3,19,0.522522,35.8,34.9,416
12/17/2014 1:37:00,0.353186,26.4,43.3,18,0.521825,35.8,34.9,411
12/17/2014 1:38:00,0.352984,26.4,43.3,19,0.522705,35.8,34.8,411
12/17/2014 1:39:00,0.354503,26.4,43.4,18,0.521825,35.8,34.8,411
12/17/2014 1:40:00,0.354052,26.4,43.4,20,0.521309,35.8,34.8,411
12/17/2014 1:41:00,0.353681,26.4,43.3,19,0.520762,35.8,34.9,416
12/17/2014 1:42:00,0.352984,26.4,43.4,19,0.520429,35.8,34.8,416
12/17/2014 1:43:00,0.352984,26.4,43.4,19,0.520429,35.8,34.9,407
12/17/2014 1:44:00,0.352984,26.4,43.3,18,0.519914,35.8,34.9,411
12/17/2014 1:45:00,0.353805,26.4,43.4,19,0.519216,35.8,34.8,420
12/17/2014 1:46:00,0.357212,26.4,43.3,19,0.518671,35.8,34.8,411
12/17/2014 1:47:00,0.352984,26.4,43.3,19,0.519216,35.8,34.8,411
12/17/2014 1:48:00,0.35413,26.4,43.3,20,0.519732,35.8,34.9,416
12/17/2014 1:49:00,0.355076,26.4,43.3,18,0.519732,35.8,34.8,416
12/17/2014 1:50:00,0.354579,26.4,43.3,19,0.520278,35.8,34.8,411
12/17/2014 1:51:00,0.355774,26.4,43.4,19,0.521674,35.8,34.8,411
12/17/2014 1:52:00,0.358035,26.4,43.3,19,0.519914,35.8,34.8,407
12/17/2014 1:53:00,0.355076,26.4,43.3,19,0.518671,35.8,34.9,411
12/17/2014 1:54:00,0.354503,26.4,43.3,18,0.518518,35.8,34.9,407
12/17/2014 1:55:00,0.357212,26.4,43.3,19,0.517974,35.8,34.8,411
12/17/2014 1:56:00,0.355076,26.4,43.3,19,0.523917,35.8,34.9,411
12/17/2014 1:57:00,0.357337,26.4,43.3,19,0.519034,35.8,34.9,411
12/17/2014 1:58:00,0.355076,26.4,43.3,18,0.519216,35.8,34.9,411
12/17/2014 1:59:00,0.357337,26.4,43.2,19,0.519216,35.8,34.9,407
12/17/2014 2:00:00,0.357212,26.4,43.3,18,0.518337,35.8,34.9,411
12/17/2014 2:01:00,0.357337,26.4,43.3,19,0.519732,35.8,34.8,411
12/17/2014 2:02:00,0.357337,26.4,43.3,19,0.519579,35.8,34.8,411
12/17/2014 2:03:00,0.357587,26.4,43.3,19,0.519732,35.8,34.8,407
12/17/2014 2:04:00,0.355076,26.4,43.2,19,0.520065,35.8,34.9,411
12/17/2014 2:05:00,0.357212,26.4,43.3,20,0.520612,35.8,34.9,411
12/17/2014 2:06:00,0.355898,26.4,43.2,18,0.519914,35.8,34.9,407
12/17/2014 2:07:00,0.355076,26.4,43.3,19,0.519732,35.8,34.8,411
12/17/2014 2:08:00,0.356962,26.4,43.3,19,0.519732,35.8,34.8,411
12/17/2014 2:09:00,0.355076,26.4,43.3,19,0.526707,35.8,34.9,407
12/17/2014 2:10:00,0.357337,26.4,43.2,19,0.52322,35.8,34.9,407
12/17/2014 2:11:00,0.3552,26.4,43.3,19,0.522522,35.8,34.8,411
12/17/2014 2:12:00,0.354379,26.4,43.3,18,0.520612,35.8,34.8,407
12/17/2014 2:13:00,0.354579,26.4,43.3,19,0.521309,35.8,34.8,407
12/17/2014 2:14:00,0.354379,26.4,43.3,19,0.520278,35.8,34.9,407
12/17/2014 2:15:00,0.353805,26.4,43.3,19,0.519732,35.8,34.9,402
12/17/2014 2:16:00,0.354379,26.4,43.3,19,0.520278,35.8,* * *,* * *
12/17/2014 2:17:00,0.355076,26.4,43.2,19,0.520429,35.8,34.9,407
12/17/2014 2:18:00,0.355076,26.4,43.2,19,0.519914,35.8,34.9,407
12/17/2014 2:19:00,0.354503,26.4,43.3,18,0.519914,35.8,34.9,407
12/17/2014 2:20:00,0.354379,26.4,43.3,21,0.519732,35.8,34.8,407
12/17/2014 2:21:00,0.353433,26.4,43.2,18,0.518518,35.8,34.9,407
12/17/2014 2:22:00,0.354503,26.4,43.3,19,0.519914,35.8,34.9,407
12/17/2014 2:23:00,0.354503,26.4,43.3,19,0.517821,35.8,34.9,407
12/17/2014 2:24:00,0.354379,26.4,43.2,19,0.518518,35.8,34.8,407
12/17/2014 2:25:00,0.353681,26.4,43.3,19,0.517123,35.8,34.9,407
12/17/2014 2:26:00,0.353805,26.4,43.2,17,0.519216,35.8,35,402
12/17/2014 2:27:00,0.353681,26.4,43.2,20,0.519579,35.8,34.9,407
12/17/2014 2:28:00,0.3552,26.4,43.3,18,0.517821,35.8,35,407
12/17/2014 2:29:00,0.3552,26.4,43.2,18,0.516942,35.8,34.9,398
12/17/2014 2:30:00,0.352736,26.4,43.2,18,0.519732,35.8,35,407
12/17/2014 2:31:00,0.354503,26.4,43.3,19,0.520429,35.8,34.9,402
12/17/2014 2:32:00,0.353681,26.4,43.2,19,0.519216,35.8,34.9,407
12/17/2014 2:33:00,0.353681,26.4,43.2,19,0.519216,35.8,34.9,402
12/17/2014 2:34:00,0.353681,26.4,43.2,19,0.517974,35.8,34.9,407
12/17/2014 2:35:00,0.353107,26.4,43.3,19,0.518518,35.9,35,407
12/17/2014 2:36:00,0.353107,26.4,43.2,18,0.517639,35.8,34.9,402
12/17/2014 2:37:00,0.354503,26.4,43.2,19,0.516942,35.8,35,407
12/17/2014 2:38:00,0.352736,26.4,43.2,18,0.516425,35.8,35,402
12/17/2014 2:39:00,0.352984,26.4,43.2,18,0.515547,35.8,35,402
12/17/2014 2:40:00,0.353107,26.4,43.2,18,0.515727,35.8,34.9,402
12/17/2014 2:41:00,0.353107,26.4,43.1,18,0.516425,35.9,34.9,407
12/17/2014 2:42:00,0.353805,26.4,43.2,18,0.516425,35.8,34.9,407
12/17/2014 2:43:00,0.352409,26.4,43.2,19,0.515186,35.8,35,402
12/17/2014 2:44:00,0.353107,26.4,43.2,19,0.516425,35.8,35,407
12/17/2014 2:45:00,0.352984,26.4,43.2,18,0.515727,35.9,35,402
12/17/2014 2:46:00,0.353354,26.4,43.2,18,0.516244,35.8,35,402
12/17/2014 2:47:00,0.352286,26.4,43.2,19,0.51503,35.9,35,402
12/17/2014 2:48:00,0.353107,26.4,43.2,17,0.516244,35.8,35,398
12/17/2014 2:49:00,0.353107,26.4,43.2,19,0.515186,35.8,35,402
12/17/2014 2:50:00,0.352984,26.4,43.1,18,0.516425,35.8,34.9,402
12/17/2014 2:51:00,0.353681,26.4,43.2,19,0.514152,35.8,35,407
12/17/2014 2:52:00,0.352286,26.4,43.2,19,0.515186,35.9,34.9,398
12/17/2014 2:53:00,0.352656,26.4,43.1,19,0.51503,35.8,35,402
12/17/2014 2:54:00,0.352984,26.4,43.1,19,0.514332,35.9,34.9,402
12/17/2014 2:55:00,0.354379,26.4,43.1,19,0.51503,35.9,35,402
12/17/2014 2:56:00,0.353805,26.4,43.2,18,0.515727,35.8,35,407
12/17/2014 2:57:00,0.353805,26.4,43.1,17,0.515547,35.9,35,407
12/17/2014 2:58:00,0.354379,26.4,43.2,19,0.517148,35.8,35,402
12/17/2014 2:59:00,0.354379,26.4,43.2,19,0.516942,35.8,35,402
12/17/2014 3:00:00,0.355774,26.4,43.1,19,0.517485,35.8,35,402
12/17/2014 3:01:00,0.357337,26.4,43.2,17,0.516244,35.8,34.9,402
12/17/2014 3:02:00,0.357212,26.4,43.2,18,0.512239,35.8,34.9,402
12/17/2014 3:03:00,0.357337,26.4,43.1,18,0.513454,35.9,35,402
12/17/2014 3:04:00,0.357212,26.4,43.1,18,0.513295,35.8,35,402
12/17/2014 3:05:00,0.35791,26.4,43.1,18,0.514332,35.8,35,398
12/17/2014 3:06:00,0.357337,26.4,43.1,19,0.513634,35.8,34.9,402
12/17/2014 3:07:00,0.357212,26.4,43.2,18,0.513634,35.9,34.9,398
12/17/2014 3:08:00,0.357212,26.4,43.2,19,0.512059,35.9,35,402
12/17/2014 3:09:00,0.357337,26.4,43.1,19,0.513634,35.8,35,402
12/17/2014 3:10:00,0.359305,26.4,43.2,18,0.513454,36,* * *,* * *
12/17/2014 3:11:00,0.358536,26.4,43.1,17,0.514692,35.9,35,402
12/17/2014 3:12:00,0.357337,26.4,43.1,18,0.512757,35.9,35,398
12/17/2014 3:13:00,0.356962,26.4,43.1,17,0.513792,35.9,35,402
12/17/2014 3:14:00,0.357337,26.4,43.1,18,0.512059,35.9,34.9,402
12/17/2014 3:15:00,0.357212,26.4,43,18,0.512936,35.8,35.1,398
12/17/2014 3:16:00,0.357212,26.4,43.1,19,0.512239,36,35,398
12/17/2014 3:17:00,0.358733,26.4,43.2,18,0.512757,35.9,35,398
12/17/2014 3:18:00,0.356712,26.4,43,18,0.512059,35.8,35,398
12/17/2014 3:19:00,0.3552,26.4,43.1,19,0.512059,35.8,35.1,398
12/17/2014 3:20:00,0.357337,26.4,43.1,19,0.511004,35.8,35,402
12/17/2014 3:21:00,0.3552,26.4,43.1,18,0.511362,35.9,35,398
12/17/2014 3:22:00,0.356712,26.3,43.2,18,0.511362,35.9,34.9,402
12/17/2014 3:23:00,0.356962,26.4,43.1,18,0.511362,35.9,35,398
12/17/2014 3:24:00,0.357212,26.3,43.1,20,0.510502,35.8,35.1,398
12/17/2014 3:25:00,0.357212,26.4,43,19,0.509269,35.8,35,398
12/17/2014 3:26:00,0.357212,26.3,43.1,19,0.508913,35.9,35,402
12/17/2014 3:27:00,0.357212,26.3,43.1,18,0.509269,35.8,35,398
12/17/2014 3:28:00,0.355076,26.3,43.1,19,0.50875,36,35,398
12/17/2014 3:29:00,0.357212,26.3,43.1,19,0.509269,35.9,35.1,398
12/17/2014 3:30:00,0.357212,26.3,43.1,20,0.512239,35.8,35,398
12/17/2014 3:31:00,0.357337,26.3,43.1,18,0.513454,35.8,35,398
12/17/2014 3:32:00,0.356962,26.3,43,19,0.511362,35.9,35,402
12/17/2014 3:33:00,0.356962,26.3,43.1,18,0.510843,36,35,398
12/17/2014 3:34:00,0.357337,26.3,43.1,17,0.511201,36,35,398
12/17/2014 3:35:00,0.355774,26.3,43.1,18,0.510145,35.9,35.1,398
12/17/2014 3:36:00,0.3552,26.3,43.1,18,0.50875,36,35,394
12/17/2014 3:37:00,0.354503,26.3,43,18,0.509967,36,35,398
12/17/2014 3:38:00,0.357337,26.3,43,18,0.519034,36,35,398
12/17/2014 3:39:00,0.357212,26.3,43,19,0.525864,35.8,35,398
12/17/2014 3:40:00,0.357337,26.3,43.1,17,0.529497,36,35,398
12/17/2014 3:41:00,0.357337,26.3,43.1,18,0.526194,35.9,35,398
12/17/2014 3:42:00,0.357337,26.3,43,19,0.519914,36,35.1,398
12/17/2014 3:43:00,0.355076,26.3,43.1,18,0.520612,35.8,35,398
12/17/2014 3:44:00,0.355774,26.3,43.1,19,0.519216,36,35,398
12/17/2014 3:45:00,0.360002,26.3,43,19,0.517821,36,35.1,398
12/17/2014 3:46:00,0.358035,26.3,43,18,0.518881,36,35,394
12/17/2014 3:47:00,0.35791,26.3,43.1,18,0.515727,35.9,35.1,394
12/17/2014 3:48:00,0.358035,26.3,43,18,0.516425,35.9,35,398
12/17/2014 3:49:00,0.358733,26.3,43,19,0.515727,35.9,35,398
12/17/2014 3:50:00,0.357337,26.3,43,19,0.513634,36,35.1,398
12/17/2014 3:51:00,0.357212,26.3,43,18,0.512936,36,35.1,398
12/17/2014 3:52:00,0.358035,26.3,43,18,0.512239,36,35.1,398
12/17/2014 3:53:00,0.359305,26.3,43,18,0.512757,35.9,35,398
12/17/2014 3:54:00,0.359235,26.3,43,19,0.512757,36,35.1,398
12/17/2014 3:55:00,0.358733,26.3,43,18,0.512239,35.9,35.1,398
12/17/2014 3:56:00,0.360826,26.3,43.1,19,0.511541,36,35,398
12/17/2014 3:57:00,0.360128,26.3,43,17,0.511004,35.9,35,394
12/17/2014 3:58:00,0.360826,26.3,43.1,18,0.512059,35.9,* * *,* * *
12/17/2014 3:59:00,0.35943,26.3,43,18,0.512936,35.9,35,398
12/17/2014 4:00:00,0.360128,26.3,43,19,0.510664,36,35.1,394
12/17/2014 4:01:00,0.362095,26.3,43,17,0.510145,36,35.1,398
12/17/2014 4:02:00,0.360128,26.3,43.1,17,0.509967,35.9,35.1,398
12/17/2014 4:03:00,0.359305,26.3,43,19,0.515547,35.9,35,398
12/17/2014 4:04:00,0.361524,26.3,42.9,17,0.511362,36,35,394
12/17/2014 4:05:00,0.35791,26.3,43.1,17,0.513634,36,35,390
12/17/2014 4:06:00,0.359305,26.3,43,18,0.512239,36,35,394
12/17/2014 4:07:00,0.358035,26.3,43,18,0.511362,36,35.1,394
12/17/2014 4:08:00,0.359305,26.3,43,19,0.511201,35.9,35.1,394
12/17/2014 4:09:00,0.357587,26.3,43,18,0.510664,35.9,35,394
12/17/2014 4:10:00,0.357212,26.3,43,19,0.512059,36,35.1,398
12/17/2014 4:11:00,0.3552,26.3,43.1,18,0.510646,36,35.1,394
12/17/2014 4:12:00,0.354503,26.3,43,18,0.509967,36,35,394
12/17/2014 4:13:00,0.354052,26.3,43,18,0.509448,36,35.1,394
12/17/2014 4:14:00,0.357337,26.3,42.9,19,0.509967,36,35.1,398
12/17/2014 4:15:00,0.349618,26.3,43,17,0.508572,35.9,35,394
12/17/2014 4:16:00,0.353805,26.3,43,19,0.510664,36,35.1,394
12/17/2014 4:17:00,0.352984,26.3,42.9,18,0.510145,36,35.1,390
12/17/2014 4:18:00,0.353107,26.3,43,18,0.509269,36,35.1,390
12/17/2014 4:19:00,0.354503,26.3,43,18,0.50875,36,35.1,398
12/17/2014 4:20:00,0.353805,26.3,42.9,17,0.509269,36,35.1,394
12/17/2014 4:21:00,0.3552,26.3,42.9,18,0.509448,36,35.1,394
12/17/2014 4:22:00,0.352984,26.3,42.9,19,0.513994,36,35,390
12/17/2014 4:23:00,0.352039,26.3,42.9,19,0.513454,36,35.1,394
12/17/2014 4:24:00,0.353107,26.3,43,18,0.512239,35.9,35.1,390
12/17/2014 4:25:00,0.352039,26.3,43,19,0.512936,36,35.1,394
12/17/2014 4:26:00,0.351589,26.3,43,18,0.510664,36,35.1,390
12/17/2014 4:27:00,0.353107,26.3,42.9,17,0.511201,36,35.1,390
12/17/2014 4:28:00,0.351589,26.3,43,18,0.509967,35.9,35.1,390
12/17/2014 4:29:00,0.352286,26.3,42.9,19,0.510843,35.9,35.1,394
12/17/2014 4:30:00,0.351589,26.3,42.9,17,0.510145,36,35.1,394
12/17/2014 4:31:00,0.353107,26.3,42.9,18,0.507874,36,35.2,390
12/17/2014 4:32:00,0.353107,26.3,42.9,17,0.508052,36,35.2,394
12/17/2014 4:33:00,0.352409,26.3,43,18,0.50875,36,35.1,390
12/17/2014 4:34:00,0.351589,26.3,42.9,18,0.507874,36,35.1,394
12/17/2014 4:35:00,0.352286,26.3,43,17,0.507177,36,35.1,394
12/17/2014 4:36:00,0.350891,26.3,43,19,0.508408,35.9,35.2,394
12/17/2014 4:37:00,0.351259,26.3,42.9,19,0.505261,36,35.1,394
12/17/2014 4:38:00,0.351589,26.3,42.9,19,0.507177,36,35.1,390
12/17/2014 4:39:00,0.349948,26.3,42.9,18,0.506125,36,35.1,394
12/17/2014 4:40:00,0.352409,26.3,43,20,0.505261,36,35,386
12/17/2014 4:41:00,0.351589,26.3,43,18,0.506657,36,35.1,390
12/17/2014 4:42:00,0.350645,26.3,42.8,17,0.506479,36,35.1,390
12/17/2014 4:43:00,0.350891,26.3,42.9,18,0.505782,36,35.1,390
12/17/2014 4:44:00,0.351712,26.3,42.9,19,0.507011,36,35.1,390
12/17/2014 4:45:00,0.350891,26.3,42.9,18,0.505959,36,35.2,390
12/17/2014 4:46:00,0.350316,26.3,42.9,18,0.505959,36,35.1,390
12/17/2014 4:47:00,0.350645,26.3,42.9,18,0.505084,36,35.1,386
12/17/2014 4:48:00,0.351014,26.3,42.9,19,0.505261,36,35.1,390
12/17/2014 4:49:00,0.350891,26.3,42.9,18,0.505959,36,35.1,390
12/17/2014 4:50:00,0.351589,26.3,42.9,19,0.504731,36,35,390
12/17/2014 4:51:00,0.352984,26.3,42.9,19,0.507354,36,35.1,394
12/17/2014 4:52:00,0.353107,26.3,42.9,18,0.507354,36,35.2,394
12/17/2014 4:53:00,0.350316,26.3,42.8,18,0.507709,36,35.1,394
12/17/2014 4:54:00,0.351014,26.3,42.8,18,0.506479,36,35.1,394
12/17/2014 4:55:00,0.351589,26.3,42.9,19,0.508052,36,35.2,390
12/17/2014 4:56:00,0.351589,26.3,42.9,19,0.508572,36,35.2,390
12/17/2014 4:57:00,0.352409,26.3,42.8,19,0.509804,36,35.1,394
12/17/2014 4:58:00,0.351712,26.3,42.9,17,0.509949,36,35.1,390
12/17/2014 4:59:00,0.351014,26.3,42.9,18,0.510843,36,35.1,394
12/17/2014 5:00:00,0.351014,26.3,42.9,19,0.506313,36,35.2,390
12/17/2014 5:01:00,0.351014,26.3,42.9,19,0.504387,36,* * *,* * *
12/17/2014 5:02:00,0.350891,26.3,42.8,18,0.505084,36,35.1,394
12/17/2014 5:03:00,0.350316,26.3,42.9,18,0.503337,36,35.1,386
12/17/2014 5:04:00,0.350316,26.3,42.9,19,0.503689,36,35.2,386
12/17/2014 5:05:00,0.350194,26.3,42.9,18,0.503866,36,35.1,390
12/17/2014 5:06:00,0.351014,26.3,42.8,18,0.503866,36,35.1,386
12/17/2014 5:07:00,0.350561,26.3,42.9,18,0.501246,36,35.1,390
12/17/2014 5:08:00,0.349863,26.3,42.9,17,0.500899,36,35.1,386
12/17/2014 5:09:00,0.349618,26.3,42.8,19,0.500899,36,35.2,386
12/17/2014 5:10:00,0.353354,26.3,42.9,18,0.501772,36,* * *,* * *
12/17/2014 5:11:00,0.352409,26.3,42.8,18,0.501597,36,35.1,390
12/17/2014 5:12:00,0.351589,26.3,42.8,18,0.500202,36,35.2,386
12/17/2014 5:13:00,0.350316,26.3,42.9,19,0.500899,36,35.1,390
12/17/2014 5:14:00,0.350891,26.3,42.8,17,0.500549,36,35.2,390
12/17/2014 5:15:00,0.351014,26.3,42.9,18,0.500377,36,35.2,390
12/17/2014 5:16:00,0.349496,26.3,42.9,19,0.500377,36,35.1,390
12/17/2014 5:17:00,0.349496,26.3,42.8,17,0.500377,36,35.2,390
12/17/2014 5:18:00,0.348798,26.3,42.9,18,0.500727,36,35.1,390
12/17/2014 5:19:00,0.350316,26.3,42.8,19,0.499679,36,35.1,390
12/17/2014 5:20:00,0.348921,26.3,42.7,18,0.498807,36,35.1,386
12/17/2014 5:21:00,0.349496,26.3,42.8,18,0.50247,36,35.2,386
12/17/2014 5:22:00,0.348921,26.3,42.8,18,0.499852,36,35.2,390
12/17/2014 5:23:00,0.350316,26.3,42.8,18,0.503177,36,35.2,386
12/17/2014 5:24:00,0.350316,26.3,42.8,19,0.500377,36,35.1,390
12/17/2014 5:25:00,0.349618,26.3,42.8,17,0.501597,36,35.2,390
12/17/2014 5:26:00,0.348921,26.3,42.8,17,0.501075,36,35.1,386
12/17/2014 5:27:00,0.349618,26.3,42.9,19,0.500202,36,35.1,386
12/17/2014 5:28:00,0.349618,26.3,42.8,18,0.500377,36,35.1,390
12/17/2014 5:29:00,0.350316,26.3,42.8,17,0.500377,36,35.1,390
12/17/2014 5:30:00,0.349618,26.3,42.8,18,0.500029,36,35.2,390
12/17/2014 5:31:00,0.348921,26.3,42.8,17,0.499852,36,35.2,381
12/17/2014 5:32:00,0.349618,26.3,42.8,18,0.499679,36,35.2,386
12/17/2014 5:33:00,0.348554,26.3,42.8,18,0.499504,36,35.1,390
12/17/2014 5:34:00,0.349496,26.3,42.8,17,0.498457,36,35.2,386
12/17/2014 5:35:00,0.351958,26.3,42.8,19,0.499504,36,35.2,386
12/17/2014 5:36:00,0.349618,26.3,42.8,18,0.498807,36,35.2,386
12/17/2014 5:37:00,0.349618,26.3,42.7,16,0.498109,36,35.2,390
12/17/2014 5:38:00,0.348921,26.3,42.8,18,0.499504,36,35.2,386
12/17/2014 5:39:00,0.348798,26.3,42.8,18,0.498807,36,35.2,386
12/17/2014 5:40:00,0.348921,26.3,42.8,17,0.499679,36,35.2,386
12/17/2014 5:41:00,0.348798,26.3,42.8,16,0.498109,36,35.2,386
12/17/2014 5:42:00,0.349863,26.3,42.8,17,0.498457,36,35.2,390
12/17/2014 5:43:00,0.349618,26.3,42.8,19,0.49776,36,35.2,390
12/17/2014 5:44:00,0.348554,26.3,42.7,17,0.498981,36,35.2,386
12/17/2014 5:45:00,0.348798,26.3,42.7,18,0.497412,36,35.2,386
12/17/2014 5:46:00,0.351014,26.3,42.7,19,0.497412,36,35.2,381
12/17/2014 5:47:00,0.349863,26.3,42.7,18,0.498981,36,35.2,386
12/17/2014 5:48:00,0.349496,26.3,42.7,18,0.499852,36,35.2,381
12/17/2014 5:49:00,0.350194,26.3,42.8,17,0.498284,36,35.2,386
12/17/2014 5:50:00,0.349496,26.3,42.7,18,0.498981,36,35.2,381
12/17/2014 5:51:00,0.350194,26.3,42.7,17,0.498981,36,35.2,386
12/17/2014 5:52:00,0.351712,26.3,42.8,18,0.499679,36,35.2,386
12/17/2014 5:53:00,0.350194,26.3,42.8,17,0.498632,36,35.2,386
12/17/2014 5:54:00,0.350194,26.3,42.7,18,0.497412,36,35.2,386
12/17/2014 5:55:00,0.349948,26.3,42.8,18,0.498807,36,35.2,386
12/17/2014 5:56:00,0.349496,26.3,42.8,19,0.498284,36,35.2,386
12/17/2014 5:57:00,0.349496,26.3,42.7,17,0.498109,36,35.2,386
12/17/2014 5:58:00,0.351014,26.3,42.7,17,0.498284,36,35.2,381
12/17/2014 5:59:00,0.349496,26.3,42.8,18,0.498284,36,35.2,386
12/17/2014 6:00:00,0.349618,26.3,42.7,19,0.497586,36,35.2,386
12/17/2014 6:01:00,0.349496,26.3,42.6,18,0.498284,36,35.2,386
12/17/2014 6:02:00,0.349251,26.3,42.7,18,0.498632,36,35.2,386
12/17/2014 6:03:00,0.349251,26.3,42.7,19,0.498807,36,35.2,386
12/17/2014 6:04:00,0.348798,26.3,42.8,18,0.49933,36,35.2,386
12/17/2014 6:05:00,0.348798,26.3,42.7,17,0.498284,36,35.2,381
12/17/2014 6:06:00,0.348921,26.3,42.7,18,0.498981,36,35.2,381
12/17/2014 6:07:00,0.349618,26.3,42.7,17,0.497586,36,35.2,386
12/17/2014 6:08:00,0.348554,26.3,42.7,17,0.499679,36,35.2,386
12/17/2014 6:09:00,0.349618,26.3,42.7,19,0.498807,36,35.2,381
12/17/2014 6:10:00,0.348101,26.3,42.7,18,0.498109,36,35.2,381
12/17/2014 6:11:00,0.349863,26.3,42.8,18,0.498284,36,35.2,381
12/17/2014 6:12:00,0.348466,26.3,42.7,18,0.498284,36,35.2,386
12/17/2014 6:13:00,0.348921,26.3,42.7,17,0.496888,36,35.2,386
12/17/2014 6:14:00,0.347857,26.3,42.7,19,0.497063,36,35.3,381
12/17/2014 6:15:00,0.348101,26.3,42.7,18,0.497412,36,35.2,386
12/17/2014 6:16:00,0.348223,26.3,42.7,17,0.496714,36,35.2,381
12/17/2014 6:17:00,0.347525,26.3,42.7,17,0.498284,36,35.2,381
12/17/2014 6:18:00,0.348223,26.3,42.7,18,0.497586,36,35.2,386
12/17/2014 6:19:00,0.348101,26.3,42.7,19,0.497934,36,35.2,386
12/17/2014 6:20:00,0.348376,26.3,42.7,19,0.497412,36,35.2,377
12/17/2014 6:21:00,0.348921,26.3,42.7,17,0.497412,36,35.2,386
12/17/2014 6:22:00,0.347525,26.3,42.7,17,0.497236,36,35.2,386
12/17/2014 6:23:00,0.346706,26.3,42.6,19,0.497586,36,35.2,381
12/17/2014 6:24:00,0.346463,26.3,42.7,18,0.497586,36,35.2,381
12/17/2014 6:25:00,0.347525,26.3,42.7,18,0.49776,36,35.2,381
12/17/2014 6:26:00,0.346827,26.3,42.7,18,0.497063,36,35.3,381
12/17/2014 6:27:00,0.348223,26.3,42.7,18,0.498284,36,35.2,381
12/17/2014 6:28:00,0.347525,26.3,42.6,19,0.496714,36,35.2,377
12/17/2014 6:29:00,0.346706,26.3,42.7,18,0.497412,36,35.3,381
12/17/2014 6:30:00,0.34716,26.3,42.7,18,0.497063,36,35.2,381
12/17/2014 6:31:00,0.347403,26.3,42.7,17,0.500899,36,35.2,381
12/17/2014 6:32:00,0.348223,26.3,42.7,17,0.501597,36,35.2,377
12/17/2014 6:33:00,0.346827,26.3,42.7,18,0.499679,36,35.3,381
12/17/2014 6:34:00,0.347403,26.3,42.7,18,0.500549,36,35.2,377
12/17/2014 6:36:00,0.348101,26.3,42.7,18,0.499155,36,35.2,381
12/17/2014 6:37:00,0.34716,26.3,42.7,18,0.50247,36,35.3,381
12/17/2014 6:38:00,0.34716,26.3,42.6,18,0.501075,36,35.2,381
12/17/2014 6:39:00,0.34613,26.3,42.6,18,0.500377,36,35.2,381
12/17/2014 6:40:00,0.346827,26.3,42.7,18,0.497412,36,35.2,381
12/17/2014 6:41:00,0.349618,26.3,42.6,18,0.498109,36,35.2,381
12/17/2014 6:42:00,0.348223,26.3,42.6,18,0.496714,36,35.2,381
12/17/2014 6:43:00,0.347403,26.3,42.7,18,0.497412,36,35.2,381
12/17/2014 6:44:00,0.347403,26.3,42.6,18,0.496714,36,35.3,381
12/17/2014 6:45:00,0.347768,26.3,42.7,17,0.496017,36,35.2,381
12/17/2014 6:46:00,0.34716,26.3,42.6,17,0.495669,36,35.2,381
12/17/2014 6:47:00,0.346706,26.3,42.7,18,0.495319,36,35.3,381
12/17/2014 6:48:00,0.347525,26.3,42.7,18,0.495492,36,35.2,381
12/17/2014 6:49:00,0.346706,26.3,42.6,18,0.495319,36,35.3,377
12/17/2014 6:50:00,0.34613,26.3,42.7,17,0.496017,36,35.3,377
12/17/2014 6:51:00,0.346827,26.3,42.6,16,0.496714,36,35.2,381
12/17/2014 6:52:00,0.347525,26.3,42.6,17,0.496888,36,35.2,381
12/17/2014 6:53:00,0.346008,26.3,42.7,18,0.496714,36,35.3,381
12/17/2014 6:54:00,0.346827,26.3,42.6,17,0.496888,36,35.3,381
12/17/2014 6:55:00,0.345311,26.3,42.6,18,0.496017,36,35.2,377
12/17/2014 6:56:00,0.345432,26.3,42.7,17,0.495839,36,35.2,381
12/17/2014 6:57:00,0.34613,26.3,42.6,18,0.496017,36,35.2,377
12/17/2014 6:58:00,0.347768,26.3,42.6,17,0.494622,36,35.2,377
12/17/2014 6:59:00,0.346463,26.3,42.6,17,0.497412,36,35.2,377
12/17/2014 7:00:00,0.346706,26.3,42.6,17,0.497058,36,35.3,377
12/17/2014 7:01:00,0.346008,26.3,42.6,17,0.495319,36,35.3,373
12/17/2014 7:02:00,0.346008,26.3,42.6,18,0.506479,36,35.2,377
12/17/2014 7:03:00,0.347403,26.3,42.6,17,0.497586,36,35.2,377
12/17/2014 7:04:00,0.346008,26.3,42.6,17,0.498109,36,35.2,377
12/17/2014 7:05:00,0.346463,26.3,42.6,17,0.497412,36,35.2,377
12/17/2014 7:06:00,0.34613,26.3,42.6,17,0.498807,36,35.2,377
12/17/2014 7:07:00,0.345432,26.3,42.6,18,0.498807,36,35.2,373
12/17/2014 7:08:00,0.34613,26.3,42.6,18,0.498981,36,35.3,373
12/17/2014 7:09:00,0.346008,26.3,42.6,18,0.498457,36,35.2,377
12/17/2014 7:10:00,0.346008,26.3,42.6,17,0.499504,36,35.3,381
12/17/2014 7:11:00,0.346008,26.3,42.6,18,0.498807,36,35.3,373
12/17/2014 7:12:00,0.34613,26.3,42.6,17,0.499504,36,35.2,377
12/17/2014 7:13:00,0.345311,26.3,42.6,17,0.498807,36,35.2,377
12/17/2014 7:14:00,0.346008,26.3,42.5,18,0.500899,36,35.3,377
12/17/2014 7:15:00,0.345069,26.3,42.6,17,0.500727,36,35.3,373
12/17/2014 7:16:00,0.345311,26.3,42.6,18,0.506479,36,35.2,381
12/17/2014 7:17:00,0.345311,26.3,42.6,18,0.500202,36,35.2,377
12/17/2014 7:18:00,0.344734,26.3,42.6,16,0.500198,36,35.2,373
12/17/2014 7:19:00,0.34613,26.3,42.6,18,0.501075,36,35.2,377
12/17/2014 7:20:00,0.344734,26.3,42.6,17,0.501075,36,35.3,373
12/17/2014 7:21:00,0.345069,26.3,42.6,16,0.500202,36,35.3,377
12/17/2014 7:22:00,0.345432,26.3,42.6,17,0.501597,36,35.3,377
12/17/2014 7:23:00,0.345432,26.3,42.6,18,0.505084,36,35.2,377
12/17/2014 7:24:00,0.345432,26.3,42.6,18,0.500377,36,35.3,377
12/17/2014 7:25:00,0.344734,26.3,42.6,17,0.500899,36,35.2,373
12/17/2014 7:26:00,0.345311,26.3,42.6,16,0.500899,36,35.3,377
12/17/2014 7:27:00,0.344613,26.3,42.6,18,0.500899,36,35.2,373
12/17/2014 7:28:00,0.345311,26.3,42.6,17,0.50352,36,35.2,377
12/17/2014 7:29:00,0.344372,26.3,42.5,17,0.500549,36,35.3,377
12/17/2014 7:30:00,0.345069,26.3,42.6,17,0.502992,36,35.2,373
12/17/2014 7:31:00,0.345432,26.3,42.6,17,0.498109,36,35.3,373
12/17/2014 7:32:00,0.344879,26.3,42.6,17,0.499504,36,35.3,377
12/17/2014 7:33:00,0.344734,26.3,42.6,17,0.49933,36,35.2,377
12/17/2014 7:34:00,0.344036,26.3,42.5,18,0.499854,36,35.3,373
12/17/2014 7:35:00,0.344613,26.3,42.6,18,0.49776,36,35.3,377
12/17/2014 7:36:00,0.344036,26.3,42.5,18,0.502294,36,35.3,373
12/17/2014 7:37:00,0.343916,26.3,42.5,18,0.501772,36,35.2,377
12/17/2014 7:38:00,0.343339,26.3,42.6,17,0.498109,36,35.2,377
12/17/2014 7:39:00,0.34613,26.3,42.5,17,0.498981,36,35.2,377
12/17/2014 7:40:00,0.343579,26.3,42.5,17,0.498981,36,35.3,373
12/17/2014 7:41:00,0.344975,26.3,42.6,18,0.498807,36,35.3,373
12/17/2014 7:42:00,0.343916,26.3,42.6,17,0.498807,36,35.3,377
12/17/2014 7:43:00,0.343339,26.3,42.6,16,0.501075,36,35.2,373
12/17/2014 7:44:00,0.33985,26.3,42.5,17,0.501246,36,35.3,373
12/17/2014 7:45:00,0.344734,26.3,42.6,17,0.498981,36,35.2,377
12/17/2014 7:46:00,0.343916,26.3,42.6,16,0.498109,35.9,35.3,373
12/17/2014 7:47:00,0.344036,26.3,42.5,18,0.498109,36,35.3,373
12/17/2014 7:48:00,0.346008,26.3,42.5,17,0.498109,36,35.3,373
12/17/2014 7:49:00,0.343339,26.3,42.5,18,0.497412,35.9,35.2,377
12/17/2014 7:50:00,0.343916,26.3,42.4,16,0.497412,36,35.2,373
12/17/2014 7:51:00,0.344613,26.3,42.5,18,0.499679,36,35.2,373
12/17/2014 7:52:00,0.344036,26.3,42.6,17,0.500202,35.9,35.2,373
12/17/2014 7:53:00,0.344036,26.3,42.5,17,0.497412,36,35.3,369
12/17/2014 7:54:00,0.344277,26.3,42.5,17,0.498284,35.9,35.3,369
12/17/2014 7:55:00,0.344036,26.3,42.5,17,0.498284,36,35.3,373
12/17/2014 7:56:00,0.345432,26.3,42.5,16,0.499155,36,35.3,373
12/17/2014 7:57:00,0.345311,26.3,42.5,18,0.497586,35.9,35.2,365
12/17/2014 7:58:00,0.344734,26.3,42.4,17,0.498284,36,35.3,369
12/17/2014 7:59:00,0.343916,26.3,42.5,18,0.498109,36,35.2,373
12/17/2014 8:00:00,0.34613,26.3,42.5,16,0.496888,35.9,35.3,369
12/17/2014 8:01:00,0.346008,26.3,42.4,18,0.496714,36,35.3,369
12/17/2014 8:02:00,0.346706,26.3,42.4,16,0.496888,35.9,35.3,373
12/17/2014 8:03:00,0.346463,26.3,42.4,18,0.497586,36,35.3,373
12/17/2014 8:04:00,0.348223,26.3,42.4,18,0.496714,36,35.3,373
12/17/2014 8:05:00,0.347403,26.3,42.5,17,0.495492,36,35.3,369
12/17/2014 8:06:00,0.348921,26.3,42.4,16,0.495669,36,35.3,373
12/17/2014 8:07:00,0.348223,26.3,42.5,17,0.494622,35.9,35.3,377
12/17/2014 8:08:00,0.348798,26.3,42.4,17,0.494622,36,35.3,369
12/17/2014 8:09:00,0.347768,26.3,42.5,17,0.494622,35.9,35.3,369
12/17/2014 8:10:00,0.347403,26.3,42.5,18,0.494275,36,35.3,373
12/17/2014 8:11:00,0.348466,26.3,42.4,18,0.493399,35.9,35.3,365
12/17/2014 8:12:00,0.347525,26.3,42.5,17,0.497586,35.9,35.2,373
12/17/2014 8:13:00,0.346827,26.3,42.5,16,0.494795,35.9,35.3,369
12/17/2014 8:14:00,0.347525,26.3,42.5,18,0.493227,36,35.3,369
12/17/2014 8:15:00,0.347525,26.3,42.4,16,0.493924,36,35.3,369
12/17/2014 8:16:00,0.346827,26.3,42.5,17,0.493227,35.9,35.2,369
12/17/2014 8:17:00,0.34613,26.3,42.5,18,0.494443,36,35.2,369
12/17/2014 8:18:00,0.34613,26.3,42.4,18,0.492701,35.9,35.3,369
12/17/2014 8:19:00,0.346008,26.3,42.5,17,0.492529,36,35.3,369
12/17/2014 8:20:00,0.347403,26.3,42.4,17,0.492184,35.9,35.3,373
12/17/2014 8:21:00,0.346706,26.3,42.5,17,0.493399,36,35.3,373
12/17/2014 8:22:00,0.347525,26.3,42.4,17,0.494097,35.9,35.2,369
12/17/2014 8:23:00,0.345766,26.3,42.5,18,0.492881,36,35.3,369
12/17/2014 8:24:00,0.34716,26.3,42.5,17,0.493046,36,35.2,369
12/17/2014 8:25:00,0.346706,26.3,42.5,17,0.493046,36,35.2,373
12/17/2014 8:26:00,0.346706,26.3,42.5,18,0.492701,36,35.2,369
12/17/2014 8:27:00,0.346008,26.3,42.5,15,0.494622,36,35.3,369
12/17/2014 8:28:00,0.346008,26.3,42.4,16,0.493227,36,35.3,373
12/17/2014 8:29:00,0.346008,26.3,42.4,18,0.494097,36,35.3,369
12/17/2014 8:30:00,0.345674,26.3,42.4,18,0.492529,36,35.2,369
12/17/2014 8:31:00,0.34613,26.3,42.4,17,0.491487,35.8,35.3,369
12/17/2014 8:32:00,0.345069,26.3,42.4,18,0.491487,36,35.2,373
12/17/2014 8:33:00,0.346827,26.3,42.4,17,0.492701,36,35.2,365
12/17/2014 8:34:00,0.346827,26.3,42.4,17,0.493399,35.8,35.3,365
12/17/2014 8:35:00,0.346008,26.3,42.4,17,0.492529,35.9,35.3,369
12/17/2014 8:36:00,0.345311,26.3,42.3,18,0.492004,36,35.3,365
12/17/2014 8:37:00,0.347525,26.3,42.4,17,0.492701,35.8,35.3,373
12/17/2014 8:38:00,0.344613,26.3,42.4,18,0.492701,35.8,35.3,365
12/17/2014 8:39:00,0.34613,26.3,42.4,17,0.489739,35.9,35.3,369
12/17/2014 8:40:00,0.34613,26.3,42.3,18,0.491134,35.8,35.3,369
12/17/2014 8:41:00,0.345432,26.3,42.4,17,0.489555,35.9,35.4,369
12/17/2014 8:42:00,0.345766,26.3,42.3,16,0.48991,36,35.3,369
12/17/2014 8:43:00,0.346614,26.3,42.3,19,0.491134,35.9,35.3,373
12/17/2014 8:44:00,0.344827,26.3,42.3,18,0.490437,36,35.3,369
12/17/2014 8:45:00,0.34613,26.3,42.3,17,0.491832,35.8,35.3,365
12/17/2014 8:46:00,0.345311,26.3,42.4,19,0.491306,35.8,35.3,365
12/17/2014 8:47:00,0.343916,26.3,42.4,17,0.48991,36,35.3,365
12/17/2014 8:48:00,0.345432,26.3,42.3,16,0.490437,35.8,35.3,365
12/17/2014 8:49:00,0.344613,26.3,42.3,18,0.489739,35.8,35.3,369
12/17/2014 8:50:00,0.344372,26.3,42.4,18,0.490608,35.9,35.3,365
12/17/2014 8:51:00,0.345311,26.3,42.4,18,0.48991,35.9,35.3,369
12/17/2014 8:52:00,0.345432,26.3,42.3,18,0.490437,36,35.3,369
12/17/2014 8:53:00,0.345311,26.3,42.4,16,0.489739,35.9,35.3,369
12/17/2014 8:54:00,0.345674,26.3,42.3,18,0.48991,36,35.3,365
12/17/2014 8:55:00,0.34613,26.3,42.3,16,0.489739,35.9,35.3,365
12/17/2014 8:56:00,0.345766,26.3,42.3,17,0.489739,36,35.3,369
12/17/2014 8:57:00,0.344372,26.3,42.4,18,0.490437,35.9,35.3,365
12/17/2014 8:58:00,0.345432,26.3,42.3,16,0.488699,35.8,35.3,365
12/17/2014 8:59:00,0.345432,26.3,42.3,17,0.488344,35.8,35.3,369
12/17/2014 9:00:00,0.346008,26.3,42.3,18,0.489739,35.9,35.3,365
12/17/2014 9:01:00,0.345432,26.3,42.4,18,0.490069,35.8,35.3,365
12/17/2014 9:02:00,0.345311,26.3,42.3,17,0.488002,35.8,35.3,369
12/17/2014 9:03:00,0.346008,26.3,42.3,18,0.489042,36,35.4,369
12/17/2014 9:04:00,0.344613,26.3,42.3,16,0.487647,35.9,35.3,369
12/17/2014 9:05:00,0.34613,26.3,42.4,17,0.489213,35.8,35.3,365
12/17/2014 9:06:00,0.346706,26.3,42.3,18,0.487647,35.8,35.3,365
12/17/2014 9:07:00,0.346008,26.3,42.4,18,0.491306,35.8,35.3,369
12/17/2014 9:08:00,0.345432,26.3,42.3,18,0.489897,35.8,35.3,365
12/17/2014 9:09:00,0.345432,26.3,42.3,18,0.488515,35.9,35.3,365
12/17/2014 9:10:00,0.345311,26.3,42.4,17,0.489555,35.8,35.3,365
12/17/2014 9:11:00,0.345674,26.3,42.3,17,0.489042,35.8,35.3,365
12/17/2014 9:12:00,0.346008,26.3,42.2,17,0.488344,35.8,35.3,365
12/17/2014 9:13:00,0.345311,26.3,42.3,16,0.488159,35.9,35.3,365
12/17/2014 9:14:00,0.344734,26.3,42.3,17,0.488002,35.9,35.3,365
12/17/2014 9:15:00,0.345311,26.3,42.3,17,0.488344,35.8,35.3,369
12/17/2014 9:16:00,0.348101,26.3,42.2,16,0.488515,35.8,35.3,365
12/17/2014 9:17:00,0.343916,26.3,42.2,17,0.488515,35.8,35.3,365
12/17/2014 9:18:00,0.344613,26.3,42.3,16,0.487817,35.9,35.3,365
12/17/2014 9:19:00,0.344613,26.3,42.3,18,0.487647,35.8,35.3,369
12/17/2014 9:20:00,0.341823,26.3,42.2,18,0.488344,35.8,35.4,369
12/17/2014 9:21:00,0.344372,26.3,42.3,18,0.488515,35.8,35.3,369
12/17/2014 9:22:00,0.344372,26.3,42.2,17,0.486949,35.9,35.4,369
12/17/2014 9:23:00,0.344734,26.3,42.2,18,0.487647,35.8,35.2,365
12/17/2014 9:24:00,0.345311,26.3,42.3,17,0.487647,35.8,35.3,365
12/17/2014 9:25:00,0.344372,26.3,42.3,17,0.487817,35.9,35.3,365
12/17/2014 9:26:00,0.343916,26.3,42.3,17,0.488515,35.9,35.3,365
12/17/2014 9:27:00,0.343916,26.3,42.3,18,0.487119,35.8,35.3,362
12/17/2014 9:28:00,0.344036,26.3,42.2,16,0.487817,35.8,35.3,362
12/17/2014 9:29:00,0.344975,26.3,42.3,17,0.488344,35.8,35.4,365
12/17/2014 9:30:00,0.344613,26.3,42.2,18,0.488159,35.8,35.3,365
12/17/2014 9:31:00,0.346706,26.3,42.2,17,0.488515,35.8,35.2,365
12/17/2014 9:32:00,0.343339,26.3,42.3,16,0.487119,35.8,35.4,362
12/17/2014 9:33:00,0.344613,26.3,42.2,18,0.487817,35.8,35.3,365
12/17/2014 9:34:00,0.343916,26.3,42.2,18,0.488515,35.8,35.3,365
12/17/2014 9:35:00,0.343218,26.3,42.2,18,0.487817,35.8,35.3,365
12/17/2014 9:36:00,0.344277,26.3,42.2,17,0.488515,35.8,35.4,358
12/17/2014 9:37:00,0.343916,26.3,42.2,17,0.489739,35.8,35.3,365
12/17/2014 9:38:00,0.344734,26.3,42.2,18,0.488515,35.8,35.3,362
12/17/2014 9:39:00,0.344036,26.3,42.2,18,0.488515,35.8,35.3,365
12/17/2014 9:40:00,0.343916,26.3,42.1,17,0.490952,35.8,35.3,365
12/17/2014 9:41:00,0.343218,26.3,42.1,17,0.488344,35.8,35.3,369
12/17/2014 9:42:00,0.344277,26.3,42.2,16,0.489042,35.8,35.3,362
12/17/2014 9:43:00,0.343339,26.3,42.2,19,0.488515,35.8,35.3,365
12/17/2014 9:44:00,0.343339,26.3,42.1,17,0.487119,35.8,35.3,365
12/17/2014 9:45:00,0.343218,26.3,42.2,17,0.486949,35.8,35.3,362
12/17/2014 9:46:00,0.344036,26.3,42.2,17,0.48746,35.8,35.3,362
12/17/2014 9:47:00,0.343218,26.3,42.1,17,0.487647,35.8,* * *,* * *
12/17/2014 9:48:00,0.343218,26.3,42.1,17,0.486949,35.8,35.4,365
12/17/2014 9:49:00,0.344036,26.3,42.2,18,0.486252,35.8,35.3,365
12/17/2014 9:50:00,0.343675,26.3,42.2,16,0.486422,35.8,35.3,365
12/17/2014 9:51:00,0.343916,26.3,42.1,18,0.486608,35.8,35.3,362
12/17/2014 9:52:00,0.343916,26.3,42.1,17,0.486422,35.8,35.3,362
12/17/2014 9:53:00,0.344036,26.3,42.2,17,0.487647,35.8,35.3,365
12/17/2014 9:54:00,0.343916,26.3,42.1,18,0.488699,35.8,35.4,362
12/17/2014 9:55:00,0.344036,26.3,42.1,16,0.489042,35.8,35.4,365
12/17/2014 9:56:00,0.344036,26.3,42.1,16,0.489042,35.8,35.3,362
12/17/2014 9:57:00,0.343339,26.3,42.2,17,0.489739,35.8,35.3,362
12/17/2014 9:58:00,0.344827,26.3,42.1,18,0.489042,35.8,35.3,362
12/17/2014 9:59:00,0.345311,26.3,42.1,18,0.490608,35.8,35.3,362
12/17/2014 10:00:00,0.344372,26.3,42.1,18,0.490437,35.8,35.3,365
12/17/2014 10:01:00,0.344613,26.3,42.1,17,0.490608,35.8,35.3,362
12/17/2014 10:02:00,0.346008,26.3,42.1,17,0.493924,35.8,35.4,362
12/17/2014 10:03:00,0.346008,26.3,42.1,16,0.493924,35.8,35.3,358
12/17/2014 10:04:00,0.34613,26.3,42.1,18,0.491832,35.8,35.3,362
12/17/2014 10:05:00,0.345311,26.3,42.1,17,0.490437,35.8,35.3,362
12/17/2014 10:06:00,0.349496,26.3,42.2,17,0.491306,35.8,35.3,362
12/17/2014 10:07:00,0.351014,26.3,42.1,17,0.491306,35.8,35.3,362
12/17/2014 10:08:00,0.348798,26.3,42.1,16,0.48975,35.8,35.3,362
12/17/2014 10:09:00,0.350194,26.3,42.1,17,0.48991,35.8,35.4,362
12/17/2014 10:10:00,0.350316,26.3,42.1,17,0.48991,35.8,35.4,362
12/17/2014 10:11:00,0.353805,26.3,42.1,18,0.489213,35.8,35.3,362
12/17/2014 10:12:00,0.353107,26.3,42.1,17,0.489213,35.8,35.3,362
12/17/2014 10:13:00,0.352984,26.3,42,16,0.491134,35.8,35.3,362
12/17/2014 10:14:00,0.351958,26.3,42.1,16,0.491134,35.8,35.3,362
12/17/2014 10:15:00,0.34716,26.3,42.1,18,0.49165,35.8,35.3,362
12/17/2014 10:16:00,0.346706,26.3,42.1,16,0.489213,35.8,35.3,362
12/17/2014 10:17:00,0.347403,26.3,42,17,0.488515,35.8,35.3,362
12/17/2014 10:18:00,0.346008,26.3,42.1,18,0.488699,35.8,35.3,362
12/17/2014 10:19:00,0.346008,26.3,42,16,0.48991,35.8,35.4,362
12/17/2014 10:20:00,0.346706,26.3,42,17,0.488515,35.8,35.3,358
12/17/2014 10:21:00,0.346706,26.3,42,17,0.488344,35.8,35.4,362
12/17/2014 10:22:00,0.34707,26.3,42.1,18,0.488515,35.8,35.3,362
12/17/2014 10:23:00,0.34613,26.3,42,17,0.488002,35.8,35.4,358
12/17/2014 10:24:00,0.34613,26.3,42,18,0.488515,35.8,35.4,358
12/17/2014 10:25:00,0.345766,26.3,42.1,17,0.487119,35.8,35.4,362
12/17/2014 10:26:00,0.346827,26.3,42.1,16,0.488344,35.8,35.3,358
12/17/2014 10:27:00,0.34613,26.3,42.1,18,0.488344,35.8,35.4,362
12/17/2014 10:28:00,0.346827,26.3,42,17,0.486949,35.8,35.3,362
12/17/2014 10:29:00,0.345432,26.3,42,17,0.487119,35.8,35.3,358
12/17/2014 10:30:00,0.346008,26.3,42.1,17,0.488344,35.8,35.4,358
12/17/2014 10:31:00,0.34613,26.3,42,17,0.487647,35.8,35.3,358
12/17/2014 10:32:00,0.346463,26.3,42,18,0.486422,35.8,35.3,362
12/17/2014 10:33:00,0.346706,26.3,42.1,16,0.486252,35.8,35.3,362
12/17/2014 10:34:00,0.348798,26.3,42,17,0.486422,35.8,35.4,358
12/17/2014 10:35:00,0.350194,26.3,42.1,18,0.486608,35.8,35.4,358
12/17/2014 10:36:00,0.350316,26.3,42,18,0.485724,35.8,35.3,362
12/17/2014 10:37:00,0.348223,26.3,42,18,0.486762,35.8,35.3,358
12/17/2014 10:38:00,0.346706,26.3,42,17,0.486762,35.8,35.3,358
12/17/2014 10:39:00,0.347403,26.3,42.1,18,0.485554,35.8,35.4,358
12/17/2014 10:40:00,0.347403,26.3,42,17,0.485911,35.8,35.4,358
12/17/2014 10:41:00,0.346827,26.3,42.1,18,0.485554,35.8,35.3,358
12/17/2014 10:42:00,0.346827,26.3,41.9,17,0.485911,35.8,35.3,362
12/17/2014 10:43:00,0.346463,26.3,42.1,17,0.485724,35.8,35.4,358
12/17/2014 10:44:00,0.34613,26.3,42,18,0.485724,35.8,35.3,362
12/17/2014 10:45:00,0.346827,26.3,42,17,0.484856,35.8,35.4,362
12/17/2014 10:46:00,0.346008,26.3,42,17,0.484856,35.8,35.3,358
12/17/2014 10:47:00,0.346008,26.3,42,16,0.485724,35.8,35.3,358
12/17/2014 10:48:00,0.346008,26.3,42,19,0.485554,35.8,35.3,362
12/17/2014 10:49:00,0.344734,26.3,42,16,0.484856,35.8,35.3,354
12/17/2014 10:50:00,0.346827,26.3,41.9,17,0.484856,35.8,35.4,358
12/17/2014 10:51:00,0.345311,26.3,41.9,17,0.485911,35.8,35.3,358
12/17/2014 10:52:00,0.345432,26.3,42,18,0.485554,35.8,35.4,358
12/17/2014 10:53:00,0.345432,26.3,41.9,17,0.484517,35.8,35.3,354
12/17/2014 10:54:00,0.346614,26.3,42,17,0.485554,35.8,35.4,358
12/17/2014 10:55:00,0.345311,26.3,42,17,0.485214,35.8,35.4,354
12/17/2014 10:56:00,0.345432,26.3,42,15,0.486252,35.8,35.3,354
12/17/2014 10:57:00,0.345432,26.3,41.9,17,0.487119,35.8,35.3,362
12/17/2014 10:58:00,0.346008,26.3,42,18,0.485026,35.8,35.4,358
12/17/2014 10:59:00,0.344734,26.3,42,18,0.485724,35.8,35.3,358
12/17/2014 11:00:00,0.34613,26.3,42,16,0.485724,35.8,35.4,358
12/17/2014 11:01:00,0.346008,26.3,41.9,17,0.485214,35.8,35.4,358
12/17/2014 11:02:00,0.346827,26.3,42,17,0.485006,35.8,35.3,358
12/17/2014 11:03:00,0.345432,26.3,42,18,0.482764,35.8,35.4,358
12/17/2014 11:04:00,0.346706,26.3,41.9,17,0.483461,35.8,35.4,354
12/17/2014 11:05:00,0.345432,26.3,41.9,18,0.483461,35.8,35.4,354
12/17/2014 11:06:00,0.345432,26.3,41.9,17,0.483461,35.8,35.3,358
12/17/2014 11:07:00,0.345069,26.3,42,16,0.482764,35.8,35.4,354
12/17/2014 11:08:00,0.345432,26.3,41.9,16,0.484159,35.8,35.3,354
12/17/2014 11:09:00,0.346008,26.3,42,17,0.484856,35.8,35.4,358
12/17/2014 11:10:00,0.345674,26.3,41.9,18,0.48382,35.8,35.4,354
12/17/2014 11:11:00,0.345432,26.3,41.9,17,0.483461,35.8,35.3,358
12/17/2014 11:12:00,0.345432,26.3,41.9,18,0.483631,35.8,35.4,358
12/17/2014 11:13:00,0.345311,26.3,41.8,17,0.483461,35.8,35.4,354
12/17/2014 11:14:00,0.343916,26.3,41.9,18,0.483631,35.8,35.4,358
12/17/2014 11:15:00,0.348798,26.3,41.9,17,0.484328,35.8,35.4,354
12/17/2014 11:16:00,0.346706,26.2,41.9,17,0.484328,35.8,35.4,354
12/17/2014 11:17:00,0.346827,26.3,41.8,17,0.483631,35.8,35.4,350
12/17/2014 11:18:00,0.346827,26.3,41.8,17,0.483461,35.8,35.4,358
12/17/2014 11:19:00,0.34613,26.3,41.9,17,0.484159,35.8,35.3,358
12/17/2014 11:20:00,0.345432,26.2,41.8,17,0.482933,35.8,35.3,358
12/17/2014 11:21:00,0.34613,26.2,41.9,16,0.483123,35.8,* * *,* * *
12/17/2014 11:22:00,0.344613,26.2,41.8,18,0.48382,35.8,35.4,358
12/17/2014 11:23:00,0.346827,26.2,41.8,16,0.483461,35.8,35.4,358
12/17/2014 11:24:00,0.344372,26.2,41.8,17,0.484328,35.8,35.3,358
12/17/2014 11:25:00,0.345069,26.2,41.9,16,0.484159,35.8,35.3,354
12/17/2014 11:26:00,0.344734,26.2,41.9,16,0.483123,35.8,35.4,354
12/17/2014 11:27:00,0.344734,26.2,41.9,17,0.483631,35.8,35.4,354
12/17/2014 11:28:00,0.344372,26.2,41.8,18,0.483123,35.8,35.4,354
12/17/2014 11:29:00,0.344277,26.2,41.9,17,0.484159,35.8,35.3,354
12/17/2014 11:30:00,0.344613,26.2,41.9,17,0.484159,35.8,35.4,354
12/17/2014 11:31:00,0.344734,26.2,41.7,17,0.484159,35.8,35.4,354
12/17/2014 11:32:00,0.344036,26.2,41.8,17,0.483461,35.8,35.4,354
12/17/2014 11:33:00,0.345432,26.2,41.9,17,0.482764,35.8,35.3,354
12/17/2014 11:34:00,0.344613,26.2,41.9,17,0.482933,35.8,35.4,354
12/17/2014 11:35:00,0.343339,26.2,41.8,18,0.482764,35.8,35.3,362
12/17/2014 11:36:00,0.343916,26.2,41.8,16,0.482066,35.8,35.4,354
12/17/2014 11:37:00,0.344036,26.2,41.8,18,0.482933,35.8,35.3,350
12/17/2014 11:38:00,0.344734,26.2,41.9,18,0.482066,35.8,35.4,358
12/17/2014 11:39:00,0.344613,26.2,41.7,17,0.482933,35.8,35.3,350
12/17/2014 11:40:00,0.344975,26.2,41.7,18,0.482764,35.8,35.4,354
12/17/2014 11:41:00,0.345432,26.2,41.8,15,0.482933,35.8,35.4,354
12/17/2014 11:42:00,0.344734,26.2,41.9,16,0.483123,35.8,35.4,350
12/17/2014 11:43:00,0.345432,26.2,41.8,18,0.485026,35.8,35.4,354
12/17/2014 11:44:00,0.344734,26.2,41.8,18,0.482933,35.8,35.3,354
12/17/2014 11:45:00,0.345432,26.2,41.8,17,0.482066,35.8,35.4,354
12/17/2014 11:46:00,0.344613,26.2,41.7,17,0.482933,35.8,35.3,354
12/17/2014 11:47:00,0.345311,26.2,41.7,16,0.483631,35.8,35.4,354
12/17/2014 11:48:00,0.345311,26.2,41.7,17,0.482066,35.8,35.4,354
12/17/2014 11:49:00,0.344734,26.2,41.8,17,0.481729,35.8,35.3,354
12/17/2014 11:50:00,0.344036,26.2,41.7,18,0.481537,35.8,35.3,354
12/17/2014 11:51:00,0.343916,26.2,41.8,17,0.481537,35.8,35.4,354
12/17/2014 11:52:00,0.345699,26.2,41.7,18,0.482764,35.8,35.4,354
12/17/2014 11:53:00,0.344036,26.2,41.7,16,0.481537,35.8,35.4,354
12/17/2014 11:54:00,0.345432,26.2,41.7,16,0.482066,35.8,35.4,354
12/17/2014 11:55:00,0.345432,26.2,41.8,17,0.482764,35.8,35.4,350
12/17/2014 11:56:00,0.344734,26.2,41.7,18,0.483631,35.8,35.3,350
12/17/2014 11:57:00,0.344036,26.2,41.8,16,0.482573,35.8,35.3,354
12/17/2014 11:58:00,0.344613,26.2,41.7,17,0.481537,35.8,35.3,350
12/17/2014 11:59:00,0.344613,26.2,41.7,18,0.481537,35.8,35.4,354
12/17/2014 12:00:00,0.344613,26.2,41.6,17,0.481537,35.8,35.3,350
12/17/2014 12:01:00,0.344036,26.2,41.8,17,0.482426,35.8,35.4,354
12/17/2014 12:02:00,0.344036,26.2,41.8,17,0.482426,35.8,35.4,354
12/17/2014 12:03:00,0.346706,26.2,41.7,17,0.482066,35.8,35.4,350
12/17/2014 12:04:00,0.343916,26.2,41.7,16,0.482066,35.8,35.4,354
12/17/2014 12:05:00,0.343579,26.2,41.8,17,0.482933,35.8,35.4,354
12/17/2014 12:06:00,0.345432,26.2,41.7,16,0.481537,35.8,35.4,354
12/17/2014 12:07:00,0.345432,26.2,41.6,17,0.486064,35.8,35.3,346
12/17/2014 12:08:00,0.34613,26.2,41.6,17,0.481369,35.8,35.4,354
12/17/2014 12:09:00,0.344372,26.2,41.6,17,0.482764,35.8,35.4,346
12/17/2014 12:10:00,0.348554,26.2,41.7,16,0.482426,35.8,35.4,354
12/17/2014 12:11:00,0.345432,26.3,41.6,17,0.482426,35.8,35.4,350
12/17/2014 12:12:00,0.345432,26.2,41.6,18,0.481537,35.8,35.3,354
12/17/2014 12:13:00,0.344734,26.2,41.7,18,0.480671,35.8,35.4,350
12/17/2014 12:14:00,0.34613,26.2,41.6,17,0.481537,35.8,35.4,350
12/17/2014 12:15:00,0.344613,26.2,41.6,17,0.482066,35.8,35.4,354
12/17/2014 12:16:00,0.344734,26.2,41.6,17,0.483631,35.8,35.4,346
12/17/2014 12:17:00,0.344372,26.2,41.7,18,0.481537,35.8,35.4,350
12/17/2014 12:18:00,0.343916,26.2,41.6,17,0.482235,35.8,35.3,350
12/17/2014 12:19:00,0.344036,26.2,41.7,17,0.481729,35.8,35.4,350
12/17/2014 12:20:00,0.344036,26.2,41.5,17,0.482573,35.8,35.4,354
12/17/2014 12:21:00,0.344613,26.2,41.6,17,0.481369,35.8,35.4,350
12/17/2014 12:22:00,0.345432,26.2,41.7,16,0.481032,35.8,35.4,346
12/17/2014 12:23:00,0.344036,26.2,41.5,16,0.480671,35.8,35.4,350
12/17/2014 12:24:00,0.343916,26.2,41.7,16,0.480671,35.8,35.4,354
12/17/2014 12:25:00,0.345432,26.2,41.6,16,0.480671,35.8,35.4,350
12/17/2014 12:26:00,0.345311,26.2,41.7,16,0.482235,35.8,35.4,354
12/17/2014 12:27:00,0.345311,26.2,41.7,17,0.481874,35.8,35.4,350
12/17/2014 12:28:00,0.345432,26.2,41.6,17,0.480142,35.8,35.4,346
12/17/2014 12:29:00,0.345432,26.2,41.5,16,0.481513,35.8,35.3,350
12/17/2014 12:30:00,0.344734,26.2,41.6,17,0.481537,35.8,35.3,350
12/17/2014 12:31:00,0.345069,26.2,41.6,18,0.480142,35.8,35.4,350
12/17/2014 12:32:00,0.344613,26.2,41.6,17,0.480335,35.8,35.4,354
12/17/2014 12:33:00,0.345311,26.2,41.5,16,0.480335,35.8,35.4,350
12/17/2014 12:34:00,0.345432,26.2,41.5,17,0.480671,35.8,35.4,350
12/17/2014 12:35:00,0.346706,26.2,41.6,17,0.481032,35.8,35.4,354
12/17/2014 12:37:00,0.34716,26.2,41.6,18,0.480671,35.8,35.4,354
12/17/2014 12:38:00,0.345432,26.2,41.6,16,0.479974,35.8,35.3,350
12/17/2014 12:39:00,0.345432,26.2,41.6,17,0.482235,35.8,35.4,350
12/17/2014 12:40:00,0.345311,26.2,41.5,16,0.479998,35.8,35.4,350
12/17/2014 12:41:00,0.344734,26.2,41.6,17,0.481032,35.8,35.4,350
12/17/2014 12:42:00,0.343916,26.2,41.6,17,0.481369,35.8,35.4,346
12/17/2014 12:43:00,0.345311,26.2,41.6,16,0.480671,35.8,35.3,350
12/17/2014 12:44:00,0.344734,26.2,41.5,17,0.480671,35.8,35.4,350
12/17/2014 12:45:00,0.345311,26.2,41.5,17,0.480142,35.8,35.4,346
12/17/2014 12:46:00,0.345432,26.2,41.5,16,0.482933,35.8,35.4,350
12/17/2014 12:47:00,0.345311,26.2,41.6,17,0.481369,35.8,35.4,350
12/17/2014 12:48:00,0.347525,26.2,41.6,16,0.480142,35.8,35.4,350
12/17/2014 12:49:00,0.345311,26.2,41.5,18,0.481176,35.8,35.4,350
12/17/2014 12:50:00,0.346008,26.2,41.5,16,0.481537,35.8,35.4,346
12/17/2014 12:51:00,0.345069,26.2,41.6,18,0.480142,35.8,35.4,346
12/17/2014 12:52:00,0.346706,26.2,41.5,17,0.48084,35.8,35.4,346
12/17/2014 12:53:00,0.344613,26.2,41.5,17,0.481032,35.8,35.4,350
12/17/2014 12:54:00,0.346008,26.2,41.6,17,0.482066,35.8,35.3,350
12/17/2014 12:55:00,0.345432,26.2,41.5,17,0.481729,35.8,35.3,350
12/17/2014 12:56:00,0.346008,26.1,41.5,17,0.480335,35.8,35.4,343
12/17/2014 12:57:00,0.34613,26.2,41.5,17,0.48084,35.8,35.3,350
12/17/2014 12:58:00,0.345432,26.2,41.4,18,0.480671,35.8,35.4,350
12/17/2014 12:59:00,0.344613,26.1,41.5,17,0.48084,35.8,35.3,350
12/17/2014 13:00:00,0.346008,26.2,41.5,16,0.48084,35.8,35.4,346
12/17/2014 13:01:00,0.34613,26.2,41.4,17,0.480478,35.8,35.3,346
12/17/2014 13:02:00,0.345311,26.1,41.5,16,0.480671,35.8,35.4,346
12/17/2014 13:03:00,0.344613,26.1,41.5,17,0.481537,35.8,35.4,350
12/17/2014 13:04:00,0.345311,26.1,41.4,16,0.482235,35.8,35.4,346
12/17/2014 13:05:00,0.346008,26.1,41.5,18,0.481537,35.8,35.3,346
12/17/2014 13:06:00,0.345432,26.2,41.5,16,0.482066,35.8,35.4,350
12/17/2014 13:07:00,0.345432,26.1,41.5,16,0.482764,35.8,35.3,346
12/17/2014 13:08:00,0.344734,26.1,41.5,16,0.482933,35.8,35.3,346
12/17/2014 13:09:00,0.346008,26.2,41.5,17,0.481537,35.8,35.4,346
12/17/2014 13:10:00,0.346827,26.2,41.5,18,0.483461,35.8,35.4,350
12/17/2014 13:11:00,0.346706,26.2,41.5,17,0.482764,35.8,35.4,346
12/17/2014 13:12:00,0.346008,26.2,41.4,17,0.483461,35.8,35.4,343
12/17/2014 13:13:00,0.346706,26.2,41.5,17,0.483631,35.8,35.3,346
12/17/2014 13:14:00,0.346706,26.1,41.5,17,0.482426,35.8,35.3,343
12/17/2014 13:15:00,0.346008,26.1,41.4,17,0.482764,35.8,35.4,346
12/17/2014 13:16:00,0.347403,26.1,41.4,16,0.483271,35.8,35.4,346
12/17/2014 13:17:00,0.346008,26.1,41.5,17,0.483271,35.8,35.3,346
12/17/2014 13:18:00,0.346008,26.1,41.5,17,0.481032,35.8,35.3,346
12/17/2014 13:19:00,0.34613,26.1,41.4,16,0.482235,35.8,35.3,346
12/17/2014 13:20:00,0.346706,26.1,41.4,18,0.481537,35.8,35.3,346
12/17/2014 13:21:00,0.347525,26.1,41.4,16,0.481537,35.8,35.3,346
12/17/2014 13:22:00,0.346706,26.1,41.4,17,0.481369,35.8,35.4,346
12/17/2014 13:23:00,0.346827,26.1,41.4,16,0.482235,35.8,35.3,346
12/17/2014 13:24:00,0.347403,26.1,41.3,16,0.482235,35.8,35.3,346
12/17/2014 13:25:00,0.346008,26.1,41.3,17,0.482933,35.8,35.4,346
12/17/2014 13:26:00,0.348223,26.1,41.4,16,0.481537,35.8,35.4,343
12/17/2014 13:27:00,0.348101,26.1,41.3,17,0.482066,35.8,35.4,346
12/17/2014 13:28:00,0.348223,26.1,41.4,17,0.482426,35.8,35.3,343
12/17/2014 13:29:00,0.347525,26.1,41.4,16,0.482066,35.8,35.4,346
12/17/2014 13:30:00,0.348223,26.1,41.3,17,0.482066,35.8,35.3,343
12/17/2014 13:31:00,0.347525,26.1,41.4,17,0.482066,35.7,35.4,343
12/17/2014 13:32:00,0.348223,26.1,41.3,16,0.483461,35.8,35.3,346
12/17/2014 13:33:00,0.348101,26.1,41.3,18,0.482573,35.8,35.3,346
12/17/2014 13:34:00,0.347857,26.1,41.4,17,0.482764,35.7,35.4,346
12/17/2014 13:35:00,0.347614,26.1,41.3,17,0.481537,35.8,35.4,346
12/17/2014 13:36:00,0.347403,26.1,41.4,17,0.482066,35.8,35.4,343
12/17/2014 13:37:00,0.347403,26.1,41.4,17,0.481729,35.7,35.3,346
12/17/2014 13:38:00,0.348798,26.1,41.4,16,0.482066,35.8,35.4,343
12/17/2014 13:39:00,0.349496,26.1,41.3,16,0.482066,35.8,35.3,346
12/17/2014 13:40:00,0.350316,26.1,41.4,18,0.482235,35.7,35.4,346
12/17/2014 13:41:00,0.348798,26.1,41.3,17,0.481032,35.8,35.4,346
12/17/2014 13:42:00,0.350316,26.1,41.4,17,0.481032,35.7,35.4,346
12/17/2014 13:43:00,0.350316,26.1,41.3,17,0.481537,35.7,* * *,* * *
12/17/2014 13:44:00,0.350891,26.1,41.4,17,0.481537,35.7,35.4,346
12/17/2014 13:45:00,0.351014,26.1,41.3,16,0.482066,35.7,35.3,346
12/17/2014 13:46:00,0.351589,26.1,41.4,16,0.482066,35.8,35.4,346
12/17/2014 13:47:00,0.350194,26.1,41.2,16,0.481369,35.7,35.4,346
12/17/2014 13:48:00,0.352039,26.1,41.3,17,0.481369,35.8,35.3,346
12/17/2014 13:49:00,0.353107,26.1,41.2,15,0.480142,35.8,35.4,343
12/17/2014 13:50:00,0.351342,26.1,41.2,17,0.48084,35.7,35.3,346
12/17/2014 13:51:00,0.350891,26.1,41.3,17,0.48084,35.7,35.3,346
12/17/2014 13:52:00,0.351096,26.1,41.2,16,0.479974,35.7,35.3,346
12/17/2014 13:53:00,0.352409,26.1,41.2,15,0.48084,35.8,35.3,343
12/17/2014 13:54:00,0.352736,26.1,41.2,16,0.481369,35.7,35.4,346
12/17/2014 13:55:00,0.351589,26.1,41.3,16,0.481032,35.8,* * *,* * *
12/17/2014 13:56:00,0.355076,26.1,41.3,17,0.48084,35.7,35.3,346
